No.,Time,Source,Destination,Protocol,Length,Info,,,Time 1,Time 2,,Delay 
11,3.860616,MargaGibran-PC,us-browser-notifications.opera.com,TCP,66,49326  >  https(443) [SYN] Seq=0 Win=8192 Len=0 MSS=1460 WS=256 SACK_PERM=1,,,3.860616,3.917632,,0.057016
12,3.917632,us-browser-notifications.opera.com,MargaGibran-PC,TCP,66,"https(443)  >  49326 [SYN, ACK] Seq=0 Ack=1 Win=22400 Len=0 MSS=1400 WS=32 SACK_PERM=1",,,3.917632,3.91776,,0.000128
13,3.91776,MargaGibran-PC,us-browser-notifications.opera.com,TCP,54,49326  >  https(443) [ACK] Seq=1 Ack=1 Win=65792 Len=0,,,3.91776,4.011607,,0.093847
14,4.011607,MargaGibran-PC,us-browser-notifications.opera.com,TLSv1.2,236,Client Hello,,,4.011607,4.057111,,0.045504
17,4.057111,us-browser-notifications.opera.com,MargaGibran-PC,TCP,54,https(443)  >  49326 [ACK] Seq=1 Ack=183 Win=22560 Len=0,,,4.057111,4.152378,,0.095267
25,4.152378,MargaGibran-PC,beacons-handoff.gcp.gvt2.com,TCP,66,49327  >  https(443) [SYN] Seq=0 Win=8192 Len=0 MSS=1460 WS=256 SACK_PERM=1,,,4.152378,4.152803,,0.000425
26,4.152803,MargaGibran-PC,beacons-handoff.gcp.gvt2.com,TCP,66,49328  >  https(443) [SYN] Seq=0 Win=8192 Len=0 MSS=1460 WS=256 SACK_PERM=1,,,4.152803,4.153189,,0.000386
27,4.153189,MargaGibran-PC,beacons-handoff.gcp.gvt2.com,TCP,66,49329  >  https(443) [SYN] Seq=0 Win=8192 Len=0 MSS=1460 WS=256 SACK_PERM=1,,,4.153189,4.153606,,0.000417
28,4.153606,MargaGibran-PC,google.com,TCP,66,49330  >  https(443) [SYN] Seq=0 Win=8192 Len=0 MSS=1460 WS=256 SACK_PERM=1,,,4.153606,4.251297,,0.097691
29,4.251297,google.com,MargaGibran-PC,TCP,66,"https(443)  >  49330 [SYN, ACK] Seq=0 Ack=1 Win=22400 Len=0 MSS=1400 WS=32 SACK_PERM=1",,,4.251297,4.25136,,6.3E-05
30,4.25136,MargaGibran-PC,google.com,TCP,54,49330  >  https(443) [ACK] Seq=1 Ack=1 Win=65792 Len=0,,,4.25136,4.251504,,0.000144
31,4.251504,beacons-handoff.gcp.gvt2.com,MargaGibran-PC,TCP,66,"https(443)  >  49327 [SYN, ACK] Seq=0 Ack=1 Win=22400 Len=0 MSS=1400 WS=32 SACK_PERM=1",,,4.251504,4.251504,,0
32,4.251504,beacons-handoff.gcp.gvt2.com,MargaGibran-PC,TCP,66,"https(443)  >  49328 [SYN, ACK] Seq=0 Ack=1 Win=22400 Len=0 MSS=1400 WS=32 SACK_PERM=1",,,4.251504,4.251534,,3E-05
33,4.251534,MargaGibran-PC,beacons-handoff.gcp.gvt2.com,TCP,54,49327  >  https(443) [ACK] Seq=1 Ack=1 Win=65792 Len=0,,,4.251534,4.251555,,2.1E-05
34,4.251555,MargaGibran-PC,beacons-handoff.gcp.gvt2.com,TCP,54,49328  >  https(443) [ACK] Seq=1 Ack=1 Win=65792 Len=0,,,4.251555,4.252036,,0.000481
35,4.252036,MargaGibran-PC,google.com,TLSv1.3,571,Client Hello,,,4.252036,4.25233,,0.000294
36,4.25233,MargaGibran-PC,beacons-handoff.gcp.gvt2.com,TLSv1.3,571,Client Hello,,,4.25233,4.252604,,0.000274
37,4.252604,MargaGibran-PC,beacons-handoff.gcp.gvt2.com,TLSv1.3,571,Client Hello,,,4.252604,4.269404,,0.0168
38,4.269404,beacons-handoff.gcp.gvt2.com,MargaGibran-PC,TCP,66,"https(443)  >  49329 [SYN, ACK] Seq=0 Ack=1 Win=22400 Len=0 MSS=1400 WS=32 SACK_PERM=1",,,4.269404,4.269453,,4.9E-05
39,4.269453,MargaGibran-PC,beacons-handoff.gcp.gvt2.com,TCP,54,49329  >  https(443) [ACK] Seq=1 Ack=1 Win=65792 Len=0,,,4.269453,4.26983,,0.000377
40,4.26983,MargaGibran-PC,beacons-handoff.gcp.gvt2.com,TLSv1.3,571,Client Hello,,,4.26983,4.305697,,0.035867
41,4.305697,beacons-handoff.gcp.gvt2.com,MargaGibran-PC,TCP,54,https(443)  >  49327 [ACK] Seq=1 Ack=518 Win=22912 Len=0,,,4.305697,4.307113,,0.001416
42,4.307113,google.com,MargaGibran-PC,TCP,54,https(443)  >  49330 [ACK] Seq=1 Ack=518 Win=22912 Len=0,,,4.307113,4.307321,,0.000208
43,4.307321,beacons-handoff.gcp.gvt2.com,MargaGibran-PC,TCP,54,https(443)  >  49328 [ACK] Seq=1 Ack=518 Win=22912 Len=0,,,4.307321,4.313684,,0.006363
44,4.313684,beacons-handoff.gcp.gvt2.com,MargaGibran-PC,TCP,54,https(443)  >  49329 [ACK] Seq=1 Ack=518 Win=22912 Len=0,,,4.313684,4.329778,,0.016094
45,4.329778,beacons-handoff.gcp.gvt2.com,MargaGibran-PC,TLSv1.3,1454,"Server Hello, Change Cipher Spec",,,4.329778,4.333379,,0.003601
46,4.333379,beacons-handoff.gcp.gvt2.com,MargaGibran-PC,TLSv1.3,1325,Application Data,,,4.333379,4.333413,,3.4E-05
47,4.333413,MargaGibran-PC,beacons-handoff.gcp.gvt2.com,TCP,54,49327  >  https(443) [ACK] Seq=518 Ack=2672 Win=65792 Len=0,,,4.333413,4.333692,,0.000279
48,4.333692,google.com,MargaGibran-PC,TLSv1.3,1454,"Server Hello, Change Cipher Spec",,,4.333692,4.33789,,0.004198
49,4.33789,google.com,MargaGibran-PC,TCP,1454,https(443)  >  49330 [ACK] Seq=1401 Ack=518 Win=22912 Len=1400 [TCP segment of a reassembled PDU],,,4.33789,4.337925,,3.5E-05
50,4.337925,MargaGibran-PC,google.com,TCP,54,49330  >  https(443) [ACK] Seq=518 Ack=2801 Win=65792 Len=0,,,4.337925,4.338608,,0.000683
51,4.338608,google.com,MargaGibran-PC,TLSv1.3,1079,Application Data,,,4.338608,4.339211,,0.000603
52,4.339211,MargaGibran-PC,beacons-handoff.gcp.gvt2.com,TLSv1.3,118,"Change Cipher Spec, Application Data",,,4.339211,4.339627,,0.000416
53,4.339627,MargaGibran-PC,beacons-handoff.gcp.gvt2.com,TLSv1.3,146,Application Data,,,4.339627,4.339723,,9.6E-05
54,4.339723,MargaGibran-PC,beacons-handoff.gcp.gvt2.com,TCP,54,"49328  >  https(443) [FIN, ACK] Seq=518 Ack=1 Win=65792 Len=0",,,4.339723,4.339873,,0.00015
55,4.339873,MargaGibran-PC,beacons-handoff.gcp.gvt2.com,TCP,54,"49329  >  https(443) [FIN, ACK] Seq=518 Ack=1 Win=65792 Len=0",,,4.339873,4.340238,,0.000365
56,4.340238,MargaGibran-PC,beacons-handoff.gcp.gvt2.com,TLSv1.3,292,Application Data,,,4.340238,4.340313,,7.5E-05
57,4.340313,MargaGibran-PC,beacons-handoff.gcp.gvt2.com,TLSv1.3,122,Application Data,,,4.340313,4.340371,,5.8E-05
58,4.340371,MargaGibran-PC,beacons-handoff.gcp.gvt2.com,TLSv1.3,122,Application Data,,,4.340371,4.340463,,9.2E-05
59,4.340463,MargaGibran-PC,beacons-handoff.gcp.gvt2.com,TLSv1.3,353,Application Data,,,4.340463,4.340507,,4.4E-05
60,4.340507,MargaGibran-PC,beacons-handoff.gcp.gvt2.com,TLSv1.3,589,Application Data,,,4.340507,4.340548,,4.1E-05
61,4.340548,MargaGibran-PC,beacons-handoff.gcp.gvt2.com,TLSv1.3,849,Application Data,,,4.340548,4.34144,,0.000892
62,4.34144,beacons-handoff.gcp.gvt2.com,MargaGibran-PC,TLSv1.3,1454,"Server Hello, Change Cipher Spec",,,4.34144,4.34147,,3E-05
63,4.34147,MargaGibran-PC,beacons-handoff.gcp.gvt2.com,TCP,54,"49328  >  https(443) [RST, ACK] Seq=519 Ack=1401 Win=0 Len=0",,,4.34147,4.342697,,0.001227
64,4.342697,beacons-handoff.gcp.gvt2.com,MargaGibran-PC,TLSv1.3,1326,Application Data,,,4.342697,4.343097,,0.0004
65,4.343097,beacons-handoff.gcp.gvt2.com,MargaGibran-PC,TLSv1.3,1454,"Server Hello, Change Cipher Spec",,,4.343097,4.343118,,2.1E-05
66,4.343118,MargaGibran-PC,beacons-handoff.gcp.gvt2.com,TCP,54,"49329  >  https(443) [RST, ACK] Seq=519 Ack=1401 Win=0 Len=0",,,4.343118,4.344809,,0.001691
67,4.344809,MargaGibran-PC,google.com,TLSv1.3,118,"Change Cipher Spec, Application Data",,,4.344809,4.345077,,0.000268
68,4.345077,MargaGibran-PC,google.com,TLSv1.3,146,Application Data,,,,,,
69,4.345293,MargaGibran-PC,google.com,TLSv1.3,285,Application Data,,,,Total Delay ,,0.484461
70,4.345354,MargaGibran-PC,google.com,TLSv1.3,845,Application Data,,,,,,
71,4.350696,beacons-handoff.gcp.gvt2.com,MargaGibran-PC,TLSv1.3,1325,Application Data,,,,,,
73,4.378444,beacons-handoff.gcp.gvt2.com,MargaGibran-PC,TCP,54,https(443)  >  49327 [ACK] Seq=2672 Ack=582 Win=22976 Len=0,,,,,,
74,4.378595,beacons-handoff.gcp.gvt2.com,MargaGibran-PC,TCP,54,https(443)  >  49329 [ACK] Seq=2672 Ack=519 Win=22912 Len=0,,,,,,
75,4.378596,beacons-handoff.gcp.gvt2.com,MargaGibran-PC,TCP,54,https(443)  >  49328 [ACK] Seq=2673 Ack=519 Win=22912 Len=0,,,,,,
76,4.385655,beacons-handoff.gcp.gvt2.com,MargaGibran-PC,TCP,54,https(443)  >  49327 [ACK] Seq=2672 Ack=674 Win=23072 Len=0,,,,,,
77,4.385828,beacons-handoff.gcp.gvt2.com,MargaGibran-PC,TCP,54,https(443)  >  49327 [ACK] Seq=2672 Ack=912 Win=23296 Len=0,,,,,,
78,4.385829,beacons-handoff.gcp.gvt2.com,MargaGibran-PC,TCP,54,https(443)  >  49327 [ACK] Seq=2672 Ack=1347 Win=23744 Len=0,,,,,,
79,4.387655,beacons-handoff.gcp.gvt2.com,MargaGibran-PC,TCP,54,https(443)  >  49327 [ACK] Seq=2672 Ack=1882 Win=24256 Len=0,,,,,,
80,4.391711,google.com,MargaGibran-PC,TCP,54,https(443)  >  49330 [ACK] Seq=3826 Ack=674 Win=23072 Len=0,,,,,,
81,4.392021,beacons-handoff.gcp.gvt2.com,MargaGibran-PC,TCP,54,https(443)  >  49327 [ACK] Seq=2672 Ack=2677 Win=25056 Len=0,,,,,,
82,4.392022,google.com,MargaGibran-PC,TCP,54,https(443)  >  49330 [ACK] Seq=3826 Ack=905 Win=23296 Len=0,,,,,,
83,4.393204,beacons-handoff.gcp.gvt2.com,MargaGibran-PC,TLSv1.3,634,"Application Data, Application Data",,,,,,
84,4.393519,MargaGibran-PC,beacons-handoff.gcp.gvt2.com,TLSv1.3,85,Application Data,,,,,,
85,4.423708,google.com,MargaGibran-PC,TCP,54,https(443)  >  49330 [ACK] Seq=3826 Ack=1696 Win=24064 Len=0,,,,,,
86,4.424012,beacons-handoff.gcp.gvt2.com,MargaGibran-PC,TLSv1.3,85,Application Data,,,,,,
87,4.424405,beacons-handoff.gcp.gvt2.com,MargaGibran-PC,TLSv1.3,1124,"Application Data, Application Data",,,,,,
88,4.424408,beacons-handoff.gcp.gvt2.com,MargaGibran-PC,TLSv1.3,93,Application Data,,,,,,
89,4.424409,beacons-handoff.gcp.gvt2.com,MargaGibran-PC,TLSv1.3,119,Application Data,,,,,,
90,4.42441,beacons-handoff.gcp.gvt2.com,MargaGibran-PC,TLSv1.3,85,Application Data,,,,,,
91,4.42441,google.com,MargaGibran-PC,TLSv1.3,634,"Application Data, Application Data",,,,,,
92,4.424485,MargaGibran-PC,beacons-handoff.gcp.gvt2.com,TCP,54,49327  >  https(443) [ACK] Seq=2708 Ack=4488 Win=65792 Len=0,,,,,,
93,4.424728,google.com,MargaGibran-PC,TLSv1.3,85,Application Data,,,,,,
94,4.424759,MargaGibran-PC,google.com,TCP,54,49330  >  https(443) [ACK] Seq=1696 Ack=4437 Win=65792 Len=0,,,,,,
95,4.428857,MargaGibran-PC,beacons-handoff.gcp.gvt2.com,TLSv1.3,93,Application Data,,,,,,
96,4.429026,MargaGibran-PC,beacons-handoff.gcp.gvt2.com,TLSv1.3,89,Application Data,,,,,,
97,4.429229,MargaGibran-PC,beacons-handoff.gcp.gvt2.com,TLSv1.3,89,Application Data,,,,,,
98,4.429465,MargaGibran-PC,google.com,TLSv1.3,85,Application Data,,,,,,
99,4.433467,beacons-handoff.gcp.gvt2.com,MargaGibran-PC,TLSv1.3,150,"Application Data, Application Data",,,,,,
100,4.433807,google.com,MargaGibran-PC,TLSv1.3,1124,"Application Data, Application Data",,,,,,
101,4.433814,google.com,MargaGibran-PC,TLSv1.3,93,Application Data,,,,,,
102,4.433879,MargaGibran-PC,google.com,TCP,54,49330  >  https(443) [ACK] Seq=1727 Ack=5546 Win=64512 Len=0,,,,,,
103,4.437296,MargaGibran-PC,beacons-handoff.gcp.gvt2.com,TLSv1.3,89,Application Data,,,,,,
104,4.437467,MargaGibran-PC,google.com,TLSv1.3,93,Application Data,,,,,,
105,4.437679,MargaGibran-PC,google.com,TLSv1.3,89,Application Data,,,,,,
106,4.440823,beacons-handoff.gcp.gvt2.com,MargaGibran-PC,TCP,54,https(443)  >  49327 [ACK] Seq=4584 Ack=2708 Win=25088 Len=0,,,,,,
107,4.468713,beacons-handoff.gcp.gvt2.com,MargaGibran-PC,TCP,54,https(443)  >  49327 [ACK] Seq=4584 Ack=2747 Win=25120 Len=0,,,,,,
108,4.470983,beacons-handoff.gcp.gvt2.com,MargaGibran-PC,TCP,54,https(443)  >  49327 [ACK] Seq=4584 Ack=2817 Win=25216 Len=0,,,,,,
109,4.471276,beacons-handoff.gcp.gvt2.com,MargaGibran-PC,TCP,54,https(443)  >  49327 [ACK] Seq=4584 Ack=2852 Win=25248 Len=0,,,,,,
110,4.471277,google.com,MargaGibran-PC,TCP,54,https(443)  >  49330 [ACK] Seq=5546 Ack=1727 Win=24096 Len=0,,,,,,
111,4.474956,google.com,MargaGibran-PC,TCP,54,https(443)  >  49330 [ACK] Seq=5546 Ack=1801 Win=24192 Len=0,,,,,,
193,9.899041,MargaGibran-PC,google.com,TCP,54,"49330  >  https(443) [FIN, ACK] Seq=1801 Ack=5546 Win=64512 Len=0",,,,,,
194,9.899642,MargaGibran-PC,beacons-handoff.gcp.gvt2.com,TCP,54,"49327  >  https(443) [FIN, ACK] Seq=2852 Ack=4584 Win=65536 Len=0",,,,,,
197,10.198895,MargaGibran-PC,google.com,TCP,54,"[TCP Retransmission] 49330  >  https(443) [FIN, ACK] Seq=1801 Ack=5546 Win=64512 Len=0",,,,,,
198,10.198895,MargaGibran-PC,beacons-handoff.gcp.gvt2.com,TCP,54,"[TCP Retransmission] 49327  >  https(443) [FIN, ACK] Seq=2852 Ack=4584 Win=65536 Len=0",,,,,,
201,10.79891,MargaGibran-PC,beacons-handoff.gcp.gvt2.com,TCP,54,"[TCP Retransmission] 49327  >  https(443) [FIN, ACK] Seq=2852 Ack=4584 Win=65536 Len=0",,,,,,
202,10.79891,MargaGibran-PC,google.com,TCP,54,"[TCP Retransmission] 49330  >  https(443) [FIN, ACK] Seq=1801 Ack=5546 Win=64512 Len=0",,,,,,
242,11.998949,MargaGibran-PC,beacons-handoff.gcp.gvt2.com,TCP,54,"[TCP Retransmission] 49327  >  https(443) [FIN, ACK] Seq=2852 Ack=4584 Win=65536 Len=0",,,,,,
243,11.998949,MargaGibran-PC,google.com,TCP,54,"[TCP Retransmission] 49330  >  https(443) [FIN, ACK] Seq=1801 Ack=5546 Win=64512 Len=0",,,,,,
288,14.399062,MargaGibran-PC,beacons-handoff.gcp.gvt2.com,TCP,54,"[TCP Retransmission] 49327  >  https(443) [FIN, ACK] Seq=2852 Ack=4584 Win=65536 Len=0",,,,,,
289,14.399062,MargaGibran-PC,google.com,TCP,54,"[TCP Retransmission] 49330  >  https(443) [FIN, ACK] Seq=1801 Ack=5546 Win=64512 Len=0",,,,,,
444,19.199206,MargaGibran-PC,beacons-handoff.gcp.gvt2.com,TCP,54,"[TCP Retransmission] 49327  >  https(443) [FIN, ACK] Seq=2852 Ack=4584 Win=65536 Len=0",,,,,,
445,19.199206,MargaGibran-PC,google.com,TCP,54,"[TCP Retransmission] 49330  >  https(443) [FIN, ACK] Seq=1801 Ack=5546 Win=64512 Len=0",,,,,,
447,19.22035,us-browser-notifications.opera.com,MargaGibran-PC,TLSv1.2,1354,Server Hello,,,,,,
449,19.388205,us-browser-notifications.opera.com,MargaGibran-PC,TCP,1354,https(443)  >  49326 [ACK] Seq=1301 Ack=183 Win=22560 Len=1300 [TCP segment of a reassembled PDU],,,,,,
450,19.388271,MargaGibran-PC,us-browser-notifications.opera.com,TCP,54,49326  >  https(443) [ACK] Seq=183 Ack=2601 Win=65792 Len=0,,,,,,
453,19.51462,MargaGibran-PC,i.ytimg.com,TCP,66,49331  >  https(443) [SYN] Seq=0 Win=8192 Len=0 MSS=1460 WS=256 SACK_PERM=1,,,,,,
455,19.766071,MargaGibran-PC,i.ytimg.com,TCP,66,49332  >  https(443) [SYN] Seq=0 Win=8192 Len=0 MSS=1460 WS=256 SACK_PERM=1,,,,,,
458,20.038221,us-browser-notifications.opera.com,MargaGibran-PC,TCP,1338,"https(443)  >  49326 [PSH, ACK] Seq=2601 Ack=183 Win=22560 Len=1284 [TCP segment of a reassembled PDU], Certificate Status, Server Key Exchange, Server Hello Done",,,,,,
460,20.062859,MargaGibran-PC,us-browser-notifications.opera.com,TLSv1.2,204,"Client Key Exchange, Change Cipher Spec, Encrypted Handshake Message",,,,,,
466,20.358219,MargaGibran-PC,us-browser-notifications.opera.com,TCP,204,"[TCP Retransmission] 49326  >  https(443) [PSH, ACK] Seq=183 Ack=3885 Win=64512 Len=150",,,,,,
479,20.95824,MargaGibran-PC,us-browser-notifications.opera.com,TCP,204,"[TCP Retransmission] 49326  >  https(443) [PSH, ACK] Seq=183 Ack=3885 Win=64512 Len=150",,,,,,
506,22.158278,MargaGibran-PC,us-browser-notifications.opera.com,TCP,204,"[TCP Retransmission] 49326  >  https(443) [PSH, ACK] Seq=183 Ack=3885 Win=64512 Len=150",,,,,,
517,22.514283,MargaGibran-PC,i.ytimg.com,TCP,66,[TCP Retransmission] 49331  >  https(443) [SYN] Seq=0 Win=8192 Len=0 MSS=1460 WS=256 SACK_PERM=1,,,,,,
521,22.758297,MargaGibran-PC,i.ytimg.com,TCP,66,[TCP Retransmission] 49332  >  https(443) [SYN] Seq=0 Win=8192 Len=0 MSS=1460 WS=256 SACK_PERM=1,,,,,,
528,23.358315,MargaGibran-PC,us-browser-notifications.opera.com,TCP,204,"[TCP Retransmission] 49326  >  https(443) [PSH, ACK] Seq=183 Ack=3885 Win=64512 Len=150",,,,,,
547,24.152389,us-browser-notifications.opera.com,MargaGibran-PC,TLSv1.2,1354,"[TCP Spurious Retransmission] , Server Hello",,,,,,
548,24.152431,MargaGibran-PC,us-browser-notifications.opera.com,TCP,66,[TCP Dup ACK 460#1] 49326  >  https(443) [ACK] Seq=333 Ack=3885 Win=64512 Len=0 SLE=1 SRE=1301,,,,,,
577,24.558362,MargaGibran-PC,us-browser-notifications.opera.com,TCP,204,"[TCP Retransmission] 49326  >  https(443) [PSH, ACK] Seq=183 Ack=3885 Win=64512 Len=150",,,,,,
578,24.56844,MargaGibran-PC,74.125.24.188,TCP,55,49316  >  hpvroom(5228) [ACK] Seq=1 Ack=1 Win=63064 Len=1,,,,,,
601,24.999237,MargaGibran-PC,r3.sn-uxa3vhnxa-jb3r.googlevideo.com,TCP,66,49333  >  https(443) [SYN] Seq=0 Win=8192 Len=0 MSS=1460 WS=256 SACK_PERM=1,,,,,,
602,24.999764,MargaGibran-PC,r3.sn-uxa3vhnxa-jb3r.googlevideo.com,TCP,66,49334  >  https(443) [SYN] Seq=0 Win=8192 Len=0 MSS=1460 WS=256 SACK_PERM=1,,,,,,
603,25.000136,MargaGibran-PC,r3.sn-uxa3vhnxa-jb3r.googlevideo.com,TCP,66,49335  >  https(443) [SYN] Seq=0 Win=8192 Len=0 MSS=1460 WS=256 SACK_PERM=1,,,,,,
604,25.000617,MargaGibran-PC,r3.sn-uxa3vhnxa-jb3r.googlevideo.com,TCP,66,49336  >  https(443) [SYN] Seq=0 Win=8192 Len=0 MSS=1460 WS=256 SACK_PERM=1,,,,,,
605,25.005678,MargaGibran-PC,r3.sn-uxa3vhnxa-jb3r.googlevideo.com,TCP,66,49337  >  https(443) [SYN] Seq=0 Win=8192 Len=0 MSS=1460 WS=256 SACK_PERM=1,,,,,,
624,25.610873,google.com,MargaGibran-PC,TCP,54,https(443)  >  49330 [ACK] Seq=5546 Ack=1802 Win=24192 Len=0,,,,,,
625,25.610875,beacons-handoff.gcp.gvt2.com,MargaGibran-PC,TCP,54,https(443)  >  49327 [ACK] Seq=4584 Ack=2853 Win=25248 Len=0,,,,,,
626,25.610876,google.com,MargaGibran-PC,TCP,54,"https(443)  >  49330 [FIN, ACK] Seq=5546 Ack=1802 Win=24192 Len=0",,,,,,
627,25.610877,beacons-handoff.gcp.gvt2.com,MargaGibran-PC,TCP,54,"https(443)  >  49327 [FIN, ACK] Seq=4584 Ack=2853 Win=25248 Len=0",,,,,,
628,25.610958,MargaGibran-PC,google.com,TCP,54,49330  >  https(443) [ACK] Seq=1802 Ack=5547 Win=64512 Len=0,,,,,,
629,25.611192,MargaGibran-PC,beacons-handoff.gcp.gvt2.com,TCP,54,49327  >  https(443) [ACK] Seq=2853 Ack=4585 Win=65536 Len=0,,,,,,
631,25.613213,google.com,MargaGibran-PC,TCP,54,"[TCP Out-Of-Order] https(443)  >  49330 [FIN, ACK] Seq=5546 Ack=1802 Win=24192 Len=0",,,,,,
632,25.613215,beacons-handoff.gcp.gvt2.com,MargaGibran-PC,TCP,54,"[TCP Out-Of-Order] https(443)  >  49327 [FIN, ACK] Seq=4584 Ack=2853 Win=25248 Len=0",,,,,,
633,25.61325,MargaGibran-PC,google.com,TCP,54,[TCP ZeroWindow] 49330  >  https(443) [ACK] Seq=1802 Ack=5547 Win=0 Len=0,,,,,,
634,25.613344,MargaGibran-PC,beacons-handoff.gcp.gvt2.com,TCP,54,[TCP ZeroWindow] 49327  >  https(443) [ACK] Seq=2853 Ack=4585 Win=0 Len=0,,,,,,
635,25.615284,google.com,MargaGibran-PC,TCP,54,"[TCP Out-Of-Order] https(443)  >  49330 [FIN, ACK] Seq=5546 Ack=1802 Win=24192 Len=0",,,,,,
636,25.615306,MargaGibran-PC,google.com,TCP,54,[TCP ZeroWindow] 49330  >  https(443) [ACK] Seq=1802 Ack=5547 Win=0 Len=0,,,,,,
637,25.615473,beacons-handoff.gcp.gvt2.com,MargaGibran-PC,TCP,54,"[TCP Out-Of-Order] https(443)  >  49327 [FIN, ACK] Seq=4584 Ack=2853 Win=25248 Len=0",,,,,,
638,25.615491,MargaGibran-PC,beacons-handoff.gcp.gvt2.com,TCP,54,[TCP ZeroWindow] 49327  >  https(443) [ACK] Seq=2853 Ack=4585 Win=0 Len=0,,,,,,
649,25.707181,beacons-handoff.gcp.gvt2.com,MargaGibran-PC,TCP,54,"[TCP Out-Of-Order] https(443)  >  49327 [FIN, ACK] Seq=4584 Ack=2853 Win=25248 Len=0",,,,,,
650,25.707181,google.com,MargaGibran-PC,TCP,54,"[TCP Out-Of-Order] https(443)  >  49330 [FIN, ACK] Seq=5546 Ack=1802 Win=24192 Len=0",,,,,,
651,25.707227,MargaGibran-PC,beacons-handoff.gcp.gvt2.com,TCP,54,[TCP ZeroWindow] 49327  >  https(443) [ACK] Seq=2853 Ack=4585 Win=0 Len=0,,,,,,
652,25.70729,MargaGibran-PC,google.com,TCP,54,[TCP ZeroWindow] 49330  >  https(443) [ACK] Seq=1802 Ack=5547 Win=0 Len=0,,,,,,
661,25.733347,us-browser-notifications.opera.com,MargaGibran-PC,TLSv1.2,1354,"[TCP Spurious Retransmission] , Server Hello",,,,,,
662,25.733397,MargaGibran-PC,us-browser-notifications.opera.com,TCP,66,[TCP Dup ACK 460#2] 49326  >  https(443) [ACK] Seq=333 Ack=3885 Win=64512 Len=0 SLE=1 SRE=1301,,,,,,
680,25.781435,google.com,MargaGibran-PC,TCP,54,"[TCP Retransmission] https(443)  >  49330 [FIN, ACK] Seq=5546 Ack=1802 Win=24192 Len=0",,,,,,
681,25.781435,beacons-handoff.gcp.gvt2.com,MargaGibran-PC,TCP,54,"[TCP Retransmission] https(443)  >  49327 [FIN, ACK] Seq=4584 Ack=2853 Win=25248 Len=0",,,,,,
682,25.781511,MargaGibran-PC,google.com,TCP,54,[TCP ZeroWindow] 49330  >  https(443) [ACK] Seq=1802 Ack=5547 Win=0 Len=0,,,,,,
683,25.781609,MargaGibran-PC,beacons-handoff.gcp.gvt2.com,TCP,54,[TCP ZeroWindow] 49327  >  https(443) [ACK] Seq=2853 Ack=4585 Win=0 Len=0,,,,,,
687,25.784402,us-browser-notifications.opera.com,MargaGibran-PC,TCP,1338,"[TCP Spurious Retransmission] https(443)  >  49326 [PSH, ACK] Seq=2601 Ack=183 Win=22560 Len=1284 [TCP segment of a reassembled PDU], Certificate Status, Server Key Exchange, Server Hello Done",,,,,,
688,25.784403,i.ytimg.com,MargaGibran-PC,TCP,66,"https(443)  >  49331 [SYN, ACK] Seq=0 Ack=1 Win=22400 Len=0 MSS=1400 WS=32 SACK_PERM=1",,,,,,
689,25.784432,MargaGibran-PC,us-browser-notifications.opera.com,TCP,66,[TCP Dup ACK 460#3] 49326  >  https(443) [ACK] Seq=333 Ack=3885 Win=64512 Len=0 SLE=2601 SRE=3885,,,,,,
690,25.784506,MargaGibran-PC,i.ytimg.com,TCP,54,49331  >  https(443) [ACK] Seq=1 Ack=1 Win=65792 Len=0,,,,,,
691,25.784997,MargaGibran-PC,i.ytimg.com,TLSv1.3,631,Client Hello,,,,,,
695,25.787401,i.ytimg.com,MargaGibran-PC,TCP,66,"https(443)  >  49332 [SYN, ACK] Seq=0 Ack=1 Win=22400 Len=0 MSS=1400 WS=32 SACK_PERM=1",,,,,,
696,25.787473,MargaGibran-PC,i.ytimg.com,TCP,54,49332  >  https(443) [ACK] Seq=1 Ack=1 Win=65792 Len=0,,,,,,
697,25.787964,MargaGibran-PC,i.ytimg.com,TLSv1.3,631,Client Hello,,,,,,
699,25.789665,us-browser-notifications.opera.com,MargaGibran-PC,TCP,54,https(443)  >  49326 [ACK] Seq=3885 Ack=333 Win=22720 Len=0,,,,,,
701,25.790213,us-browser-notifications.opera.com,MargaGibran-PC,TCP,54,[TCP Dup ACK 699#1] https(443)  >  49326 [ACK] Seq=3885 Ack=333 Win=22720 Len=0,,,,,,
702,25.790213,us-browser-notifications.opera.com,MargaGibran-PC,TLSv1.2,129,"Change Cipher Spec, Encrypted Handshake Message",,,,,,
705,25.796222,i.ytimg.com,MargaGibran-PC,TCP,66,"[TCP Out-Of-Order] https(443)  >  49331 [SYN, ACK] Seq=0 Ack=1 Win=22400 Len=0 MSS=1400 WS=32 SACK_PERM=1",,,,,,
706,25.796277,MargaGibran-PC,i.ytimg.com,TCP,66,[TCP Dup ACK 690#1] 49331  >  https(443) [ACK] Seq=578 Ack=1 Win=65792 Len=0 SLE=0 SRE=1,,,,,,
708,25.798968,google.com,MargaGibran-PC,TCP,54,"[TCP Retransmission] https(443)  >  49330 [FIN, ACK] Seq=5546 Ack=1802 Win=24192 Len=0",,,,,,
709,25.798969,beacons-handoff.gcp.gvt2.com,MargaGibran-PC,TCP,54,"[TCP Retransmission] https(443)  >  49327 [FIN, ACK] Seq=4584 Ack=2853 Win=25248 Len=0",,,,,,
710,25.798969,i.ytimg.com,MargaGibran-PC,TCP,66,"[TCP Out-Of-Order] https(443)  >  49332 [SYN, ACK] Seq=0 Ack=1 Win=22400 Len=0 MSS=1400 WS=32 SACK_PERM=1",,,,,,
711,25.79897,us-browser-notifications.opera.com,MargaGibran-PC,TLSv1.2,129,"[TCP Fast Retransmission] , Change Cipher Spec, Encrypted Handshake Message",,,,,,
713,25.798993,MargaGibran-PC,google.com,TCP,54,[TCP ZeroWindow] 49330  >  https(443) [ACK] Seq=1802 Ack=5547 Win=0 Len=0,,,,,,
714,25.799041,MargaGibran-PC,beacons-handoff.gcp.gvt2.com,TCP,54,[TCP ZeroWindow] 49327  >  https(443) [ACK] Seq=2853 Ack=4585 Win=0 Len=0,,,,,,
715,25.799073,MargaGibran-PC,i.ytimg.com,TCP,66,[TCP Dup ACK 696#1] 49332  >  https(443) [ACK] Seq=578 Ack=1 Win=65792 Len=0 SLE=0 SRE=1,,,,,,
716,25.7991,MargaGibran-PC,us-browser-notifications.opera.com,TCP,66,49326  >  https(443) [ACK] Seq=333 Ack=3960 Win=64256 Len=0 SLE=3885 SRE=3960,,,,,,
723,25.807548,74.125.24.188,MargaGibran-PC,TCP,54,hpvroom(5228)  >  49316 [ACK] Seq=1 Ack=2 Win=23158 Len=0,,,,,,
727,25.80755,r3.sn-uxa3vhnxa-jb3r.googlevideo.com,MargaGibran-PC,TCP,66,"https(443)  >  49334 [SYN, ACK] Seq=0 Ack=1 Win=22400 Len=0 MSS=1400 WS=32 SACK_PERM=1",,,,,,
728,25.807782,MargaGibran-PC,r3.sn-uxa3vhnxa-jb3r.googlevideo.com,TCP,54,49334  >  https(443) [ACK] Seq=1 Ack=1 Win=65792 Len=0,,,,,,
729,25.808562,r3.sn-uxa3vhnxa-jb3r.googlevideo.com,MargaGibran-PC,TCP,66,"https(443)  >  49333 [SYN, ACK] Seq=0 Ack=1 Win=22400 Len=0 MSS=1400 WS=32 SACK_PERM=1",,,,,,
730,25.808562,r3.sn-uxa3vhnxa-jb3r.googlevideo.com,MargaGibran-PC,TCP,66,"https(443)  >  49335 [SYN, ACK] Seq=0 Ack=1 Win=22400 Len=0 MSS=1400 WS=32 SACK_PERM=1",,,,,,
731,25.808563,r3.sn-uxa3vhnxa-jb3r.googlevideo.com,MargaGibran-PC,TCP,66,"https(443)  >  49336 [SYN, ACK] Seq=0 Ack=1 Win=22400 Len=0 MSS=1400 WS=32 SACK_PERM=1",,,,,,
732,25.808563,r3.sn-uxa3vhnxa-jb3r.googlevideo.com,MargaGibran-PC,TCP,66,"https(443)  >  49337 [SYN, ACK] Seq=0 Ack=1 Win=22400 Len=0 MSS=1400 WS=32 SACK_PERM=1",,,,,,
735,25.808564,google.com,MargaGibran-PC,TCP,54,"https(443)  >  49330 [RST, ACK] Seq=5547 Ack=1802 Win=0 Len=0",,,,,,
736,25.808564,google.com,MargaGibran-PC,TCP,54,"https(443)  >  49330 [RST, ACK] Seq=5547 Ack=1802 Win=0 Len=0",,,,,,
737,25.808565,beacons-handoff.gcp.gvt2.com,MargaGibran-PC,TCP,54,"https(443)  >  49327 [RST, ACK] Seq=4585 Ack=2853 Win=0 Len=0",,,,,,
738,25.808565,beacons-handoff.gcp.gvt2.com,MargaGibran-PC,TCP,54,"https(443)  >  49327 [RST, ACK] Seq=4585 Ack=2853 Win=0 Len=0",,,,,,
740,25.808566,google.com,MargaGibran-PC,TCP,54,"https(443)  >  49330 [RST, ACK] Seq=5547 Ack=1802 Win=0 Len=0",,,,,,
741,25.808566,beacons-handoff.gcp.gvt2.com,MargaGibran-PC,TCP,54,"https(443)  >  49327 [RST, ACK] Seq=4585 Ack=2853 Win=0 Len=0",,,,,,
742,25.808627,MargaGibran-PC,r3.sn-uxa3vhnxa-jb3r.googlevideo.com,TCP,54,49333  >  https(443) [ACK] Seq=1 Ack=1 Win=65792 Len=0,,,,,,
743,25.808659,MargaGibran-PC,r3.sn-uxa3vhnxa-jb3r.googlevideo.com,TCP,54,49335  >  https(443) [ACK] Seq=1 Ack=1 Win=65792 Len=0,,,,,,
744,25.808675,MargaGibran-PC,r3.sn-uxa3vhnxa-jb3r.googlevideo.com,TCP,54,49336  >  https(443) [ACK] Seq=1 Ack=1 Win=65792 Len=0,,,,,,
745,25.808689,MargaGibran-PC,r3.sn-uxa3vhnxa-jb3r.googlevideo.com,TCP,54,49337  >  https(443) [ACK] Seq=1 Ack=1 Win=65792 Len=0,,,,,,
746,25.809797,MargaGibran-PC,r3.sn-uxa3vhnxa-jb3r.googlevideo.com,TLSv1.3,571,Client Hello,,,,,,
748,25.81091,MargaGibran-PC,r3.sn-uxa3vhnxa-jb3r.googlevideo.com,TLSv1.3,571,Client Hello,,,,,,
749,25.81121,MargaGibran-PC,r3.sn-uxa3vhnxa-jb3r.googlevideo.com,TLSv1.3,571,Client Hello,,,,,,
750,25.811537,MargaGibran-PC,r3.sn-uxa3vhnxa-jb3r.googlevideo.com,TLSv1.3,571,Client Hello,,,,,,
751,25.811886,MargaGibran-PC,r3.sn-uxa3vhnxa-jb3r.googlevideo.com,TLSv1.3,571,Client Hello,,,,,,
753,25.834434,MargaGibran-PC,us-browser-notifications.opera.com,TLSv1.2,475,Application Data,,,,,,
754,25.85262,beacons-handoff.gcp.gvt2.com,MargaGibran-PC,TCP,54,"https(443)  >  49327 [RST, ACK] Seq=4585 Ack=2853 Win=0 Len=0",,,,,,
755,25.858153,i.ytimg.com,MargaGibran-PC,TCP,54,https(443)  >  49331 [ACK] Seq=1 Ack=578 Win=22976 Len=0,,,,,,
756,25.858277,i.ytimg.com,MargaGibran-PC,TCP,54,https(443)  >  49332 [ACK] Seq=1 Ack=578 Win=22976 Len=0,,,,,,
757,25.858278,i.ytimg.com,MargaGibran-PC,TLSv1.3,266,"Server Hello, Change Cipher Spec, Application Data",,,,,,
758,25.859638,MargaGibran-PC,i.ytimg.com,TLSv1.3,118,"Change Cipher Spec, Application Data",,,,,,
759,25.85989,MargaGibran-PC,i.ytimg.com,TLSv1.3,146,Application Data,,,,,,
760,25.860101,MargaGibran-PC,i.ytimg.com,TLSv1.3,525,Application Data,,,,,,
761,25.860499,google.com,MargaGibran-PC,TCP,54,"https(443)  >  49330 [RST, ACK] Seq=5547 Ack=1802 Win=0 Len=0",,,,,,
762,25.860794,google.com,MargaGibran-PC,TCP,54,"https(443)  >  49330 [RST, ACK] Seq=5547 Ack=1802 Win=0 Len=0",,,,,,
763,25.860795,beacons-handoff.gcp.gvt2.com,MargaGibran-PC,TCP,54,"https(443)  >  49327 [RST, ACK] Seq=4585 Ack=2853 Win=0 Len=0",,,,,,
764,25.860795,us-browser-notifications.opera.com,MargaGibran-PC,TCP,54,[TCP Dup ACK 699#2] https(443)  >  49326 [ACK] Seq=3960 Ack=333 Win=22720 Len=0,,,,,,
765,25.861646,i.ytimg.com,MargaGibran-PC,TLSv1.3,266,"Server Hello, Change Cipher Spec, Application Data",,,,,,
766,25.862944,MargaGibran-PC,i.ytimg.com,TLSv1.3,118,"Change Cipher Spec, Application Data",,,,,,
767,25.887637,r3.sn-uxa3vhnxa-jb3r.googlevideo.com,MargaGibran-PC,TCP,54,https(443)  >  49334 [ACK] Seq=1 Ack=518 Win=22912 Len=0,,,,,,
768,25.887809,r3.sn-uxa3vhnxa-jb3r.googlevideo.com,MargaGibran-PC,TCP,54,https(443)  >  49333 [ACK] Seq=1 Ack=518 Win=22912 Len=0,,,,,,
769,25.88781,r3.sn-uxa3vhnxa-jb3r.googlevideo.com,MargaGibran-PC,TCP,54,https(443)  >  49335 [ACK] Seq=1 Ack=518 Win=22912 Len=0,,,,,,
770,25.890016,r3.sn-uxa3vhnxa-jb3r.googlevideo.com,MargaGibran-PC,TCP,54,https(443)  >  49336 [ACK] Seq=1 Ack=518 Win=22912 Len=0,,,,,,
771,25.890155,r3.sn-uxa3vhnxa-jb3r.googlevideo.com,MargaGibran-PC,TCP,54,https(443)  >  49337 [ACK] Seq=1 Ack=518 Win=22912 Len=0,,,,,,
772,25.894448,us-browser-notifications.opera.com,MargaGibran-PC,TCP,54,https(443)  >  49326 [ACK] Seq=3960 Ack=754 Win=23136 Len=0,,,,,,
775,25.898939,i.ytimg.com,MargaGibran-PC,TCP,54,https(443)  >  49332 [ACK] Seq=213 Ack=642 Win=23040 Len=0,,,,,,
777,25.902662,r3.sn-uxa3vhnxa-jb3r.googlevideo.com,MargaGibran-PC,TLSv1.3,1454,"Server Hello, Change Cipher Spec",,,,,,
778,25.912204,r3.sn-uxa3vhnxa-jb3r.googlevideo.com,MargaGibran-PC,TCP,1454,https(443)  >  49334 [ACK] Seq=1401 Ack=518 Win=22912 Len=1400 [TCP segment of a reassembled PDU],,,,,,
779,25.912255,MargaGibran-PC,r3.sn-uxa3vhnxa-jb3r.googlevideo.com,TCP,54,49334  >  https(443) [ACK] Seq=518 Ack=2801 Win=65792 Len=0,,,,,,
780,25.912663,r3.sn-uxa3vhnxa-jb3r.googlevideo.com,MargaGibran-PC,TLSv1.3,559,Application Data,,,,,,
781,25.912665,i.ytimg.com,MargaGibran-PC,TCP,54,https(443)  >  49332 [ACK] Seq=213 Ack=734 Win=23104 Len=0,,,,,,
782,25.912666,r3.sn-uxa3vhnxa-jb3r.googlevideo.com,MargaGibran-PC,TLSv1.3,1454,"Server Hello, Change Cipher Spec",,,,,,
783,25.918001,r3.sn-uxa3vhnxa-jb3r.googlevideo.com,MargaGibran-PC,TCP,1454,"https(443)  >  49335 [PSH, ACK] Seq=1401 Ack=518 Win=22912 Len=1400 [TCP segment of a reassembled PDU]",,,,,,
784,25.918059,MargaGibran-PC,r3.sn-uxa3vhnxa-jb3r.googlevideo.com,TCP,54,49335  >  https(443) [ACK] Seq=518 Ack=2801 Win=65792 Len=0,,,,,,
785,25.918465,i.ytimg.com,MargaGibran-PC,TCP,54,https(443)  >  49332 [ACK] Seq=213 Ack=1205 Win=23584 Len=0,,,,,,
786,25.918467,i.ytimg.com,MargaGibran-PC,TCP,54,https(443)  >  49331 [ACK] Seq=213 Ack=642 Win=23040 Len=0,,,,,,
787,25.918467,i.ytimg.com,MargaGibran-PC,TLSv1.3,634,"Application Data, Application Data",,,,,,
788,25.919211,MargaGibran-PC,i.ytimg.com,TLSv1.3,85,Application Data,,,,,,
789,25.928206,MargaGibran-PC,r3.sn-uxa3vhnxa-jb3r.googlevideo.com,TLSv1.3,118,"Change Cipher Spec, Application Data",,,,,,
790,25.929518,MargaGibran-PC,r3.sn-uxa3vhnxa-jb3r.googlevideo.com,TCP,1454,49334  >  https(443) [ACK] Seq=582 Ack=3306 Win=65280 Len=1400 [TCP segment of a reassembled PDU],,,,,,
791,25.929536,MargaGibran-PC,r3.sn-uxa3vhnxa-jb3r.googlevideo.com,TLSv1.3,170,Application Data,,,,,,
792,25.931511,r3.sn-uxa3vhnxa-jb3r.googlevideo.com,MargaGibran-PC,TLSv1.3,1454,"Server Hello, Change Cipher Spec",,,,,,
793,25.931515,r3.sn-uxa3vhnxa-jb3r.googlevideo.com,MargaGibran-PC,TCP,1454,https(443)  >  49333 [ACK] Seq=1401 Ack=518 Win=22912 Len=1400 [TCP segment of a reassembled PDU],,,,,,
794,25.931519,r3.sn-uxa3vhnxa-jb3r.googlevideo.com,MargaGibran-PC,TLSv1.3,559,Application Data,,,,,,
795,25.931612,MargaGibran-PC,r3.sn-uxa3vhnxa-jb3r.googlevideo.com,TCP,54,49333  >  https(443) [ACK] Seq=518 Ack=3306 Win=65792 Len=0,,,,,,
796,25.932643,r3.sn-uxa3vhnxa-jb3r.googlevideo.com,MargaGibran-PC,TLSv1.3,559,Application Data,,,,,,
797,25.932645,r3.sn-uxa3vhnxa-jb3r.googlevideo.com,MargaGibran-PC,TLSv1.3,1454,"Server Hello, Change Cipher Spec",,,,,,
798,25.932648,r3.sn-uxa3vhnxa-jb3r.googlevideo.com,MargaGibran-PC,TCP,1454,"https(443)  >  49336 [PSH, ACK] Seq=1401 Ack=518 Win=22912 Len=1400 [TCP segment of a reassembled PDU]",,,,,,
799,25.93265,r3.sn-uxa3vhnxa-jb3r.googlevideo.com,MargaGibran-PC,TLSv1.3,559,Application Data,,,,,,
800,25.932652,r3.sn-uxa3vhnxa-jb3r.googlevideo.com,MargaGibran-PC,TLSv1.3,1454,"Server Hello, Change Cipher Spec",,,,,,
801,25.932654,r3.sn-uxa3vhnxa-jb3r.googlevideo.com,MargaGibran-PC,TCP,1454,https(443)  >  49337 [ACK] Seq=1401 Ack=518 Win=22912 Len=1400 [TCP segment of a reassembled PDU],,,,,,
802,25.932657,r3.sn-uxa3vhnxa-jb3r.googlevideo.com,MargaGibran-PC,TLSv1.3,559,Application Data,,,,,,
803,25.932658,i.ytimg.com,MargaGibran-PC,TLSv1.3,85,Application Data,,,,,,
804,25.932772,MargaGibran-PC,r3.sn-uxa3vhnxa-jb3r.googlevideo.com,TCP,54,49336  >  https(443) [ACK] Seq=518 Ack=3306 Win=65792 Len=0,,,,,,
805,25.932859,MargaGibran-PC,r3.sn-uxa3vhnxa-jb3r.googlevideo.com,TCP,54,49337  >  https(443) [ACK] Seq=518 Ack=3306 Win=65792 Len=0,,,,,,
806,25.933441,i.ytimg.com,MargaGibran-PC,TLSv1.3,438,Application Data,,,,,,
807,25.933443,i.ytimg.com,MargaGibran-PC,TCP,671,"https(443)  >  49332 [PSH, ACK] Seq=1208 Ack=1205 Win=23584 Len=617 [TCP segment of a reassembled PDU]",,,,,,
808,25.933494,MargaGibran-PC,i.ytimg.com,TCP,54,49332  >  https(443) [ACK] Seq=1236 Ack=1825 Win=65792 Len=0,,,,,,
809,25.936441,i.ytimg.com,MargaGibran-PC,TLSv1.3,634,"Application Data, Application Data",,,,,,
810,25.939928,MargaGibran-PC,r3.sn-uxa3vhnxa-jb3r.googlevideo.com,TLSv1.3,118,"Change Cipher Spec, Application Data",,,,,,
811,25.9421,MargaGibran-PC,r3.sn-uxa3vhnxa-jb3r.googlevideo.com,TLSv1.3,118,"Change Cipher Spec, Application Data",,,,,,
812,25.944503,MargaGibran-PC,r3.sn-uxa3vhnxa-jb3r.googlevideo.com,TLSv1.3,118,"Change Cipher Spec, Application Data",,,,,,
813,25.947083,MargaGibran-PC,r3.sn-uxa3vhnxa-jb3r.googlevideo.com,TLSv1.3,118,"Change Cipher Spec, Application Data",,,,,,
814,25.948052,MargaGibran-PC,r3.sn-uxa3vhnxa-jb3r.googlevideo.com,TCP,1454,49333  >  https(443) [ACK] Seq=582 Ack=3306 Win=65792 Len=1400 [TCP segment of a reassembled PDU],,,,,,
815,25.948061,MargaGibran-PC,r3.sn-uxa3vhnxa-jb3r.googlevideo.com,TLSv1.3,272,Application Data,,,,,,
816,25.948249,MargaGibran-PC,r3.sn-uxa3vhnxa-jb3r.googlevideo.com,TCP,1454,49335  >  https(443) [ACK] Seq=582 Ack=3306 Win=65280 Len=1400 [TCP segment of a reassembled PDU],,,,,,
817,25.948255,MargaGibran-PC,r3.sn-uxa3vhnxa-jb3r.googlevideo.com,TLSv1.3,149,Application Data,,,,,,
818,25.968158,i.ytimg.com,MargaGibran-PC,TLSv1.3,837,Application Data,,,,,,
819,25.970775,i.ytimg.com,MargaGibran-PC,TLSv1.3,1454,Application Data,,,,,,
820,25.970806,MargaGibran-PC,i.ytimg.com,TCP,54,49332  >  https(443) [ACK] Seq=1236 Ack=4008 Win=65792 Len=0,,,,,,
821,25.970951,i.ytimg.com,MargaGibran-PC,TCP,54,https(443)  >  49332 [ACK] Seq=4008 Ack=1236 Win=23616 Len=0,,,,,,
822,25.978928,r3.sn-uxa3vhnxa-jb3r.googlevideo.com,MargaGibran-PC,TCP,54,https(443)  >  49334 [ACK] Seq=3306 Ack=582 Win=22976 Len=0,,,,,,
823,25.979405,r3.sn-uxa3vhnxa-jb3r.googlevideo.com,MargaGibran-PC,TCP,54,https(443)  >  49334 [ACK] Seq=3306 Ack=2098 Win=24480 Len=0,,,,,,
824,25.979406,r3.sn-uxa3vhnxa-jb3r.googlevideo.com,MargaGibran-PC,TCP,54,https(443)  >  49333 [ACK] Seq=3306 Ack=582 Win=22976 Len=0,,,,,,
825,25.979416,r3.sn-uxa3vhnxa-jb3r.googlevideo.com,MargaGibran-PC,TCP,54,https(443)  >  49335 [ACK] Seq=3306 Ack=582 Win=22976 Len=0,,,,,,
830,26.008526,r3.sn-uxa3vhnxa-jb3r.googlevideo.com,MargaGibran-PC,TCP,54,https(443)  >  49336 [ACK] Seq=3306 Ack=582 Win=22976 Len=0,,,,,,
831,26.008672,r3.sn-uxa3vhnxa-jb3r.googlevideo.com,MargaGibran-PC,TCP,54,https(443)  >  49337 [ACK] Seq=3306 Ack=582 Win=22976 Len=0,,,,,,
832,26.008951,r3.sn-uxa3vhnxa-jb3r.googlevideo.com,MargaGibran-PC,TLSv1.3,1454,Application Data,,,,,,
833,26.010737,r3.sn-uxa3vhnxa-jb3r.googlevideo.com,MargaGibran-PC,TCP,1454,https(443)  >  49334 [ACK] Seq=4706 Ack=2098 Win=24480 Len=1400 [TCP segment of a reassembled PDU],,,,,,
834,26.010806,MargaGibran-PC,r3.sn-uxa3vhnxa-jb3r.googlevideo.com,TCP,54,49334  >  https(443) [ACK] Seq=2098 Ack=6106 Win=65792 Len=0,,,,,,
835,26.011094,r3.sn-uxa3vhnxa-jb3r.googlevideo.com,MargaGibran-PC,TCP,1454,https(443)  >  49334 [ACK] Seq=6106 Ack=2098 Win=24480 Len=1400 [TCP segment of a reassembled PDU],,,,,,
836,26.01215,r3.sn-uxa3vhnxa-jb3r.googlevideo.com,MargaGibran-PC,TCP,1454,https(443)  >  49334 [ACK] Seq=7506 Ack=2098 Win=24480 Len=1400 [TCP segment of a reassembled PDU],,,,,,
837,26.01219,MargaGibran-PC,r3.sn-uxa3vhnxa-jb3r.googlevideo.com,TCP,54,49334  >  https(443) [ACK] Seq=2098 Ack=8906 Win=65792 Len=0,,,,,,
838,26.012567,r3.sn-uxa3vhnxa-jb3r.googlevideo.com,MargaGibran-PC,TCP,1454,https(443)  >  49334 [ACK] Seq=8906 Ack=2098 Win=24480 Len=1400 [TCP segment of a reassembled PDU],,,,,,
839,26.014362,r3.sn-uxa3vhnxa-jb3r.googlevideo.com,MargaGibran-PC,TCP,1454,https(443)  >  49334 [ACK] Seq=10306 Ack=2098 Win=24480 Len=1400 [TCP segment of a reassembled PDU],,,,,,
840,26.0144,MargaGibran-PC,r3.sn-uxa3vhnxa-jb3r.googlevideo.com,TCP,54,49334  >  https(443) [ACK] Seq=2098 Ack=11706 Win=65792 Len=0,,,,,,
841,26.014915,r3.sn-uxa3vhnxa-jb3r.googlevideo.com,MargaGibran-PC,TCP,1454,https(443)  >  49334 [ACK] Seq=11706 Ack=2098 Win=24480 Len=1400 [TCP segment of a reassembled PDU],,,,,,
842,26.014917,r3.sn-uxa3vhnxa-jb3r.googlevideo.com,MargaGibran-PC,TCP,1454,https(443)  >  49334 [ACK] Seq=13106 Ack=2098 Win=24480 Len=1400 [TCP segment of a reassembled PDU],,,,,,
843,26.014966,MargaGibran-PC,r3.sn-uxa3vhnxa-jb3r.googlevideo.com,TCP,54,49334  >  https(443) [ACK] Seq=2098 Ack=14506 Win=65792 Len=0,,,,,,
844,26.032445,r3.sn-uxa3vhnxa-jb3r.googlevideo.com,MargaGibran-PC,TCP,1454,"https(443)  >  49334 [PSH, ACK] Seq=14506 Ack=2098 Win=24480 Len=1400 [TCP segment of a reassembled PDU]",,,,,,
845,26.033265,r3.sn-uxa3vhnxa-jb3r.googlevideo.com,MargaGibran-PC,TCP,54,https(443)  >  49333 [ACK] Seq=3306 Ack=1982 Win=24352 Len=0,,,,,,
846,26.033267,r3.sn-uxa3vhnxa-jb3r.googlevideo.com,MargaGibran-PC,TCP,54,https(443)  >  49333 [ACK] Seq=3306 Ack=2200 Win=24576 Len=0,,,,,,
847,26.033268,r3.sn-uxa3vhnxa-jb3r.googlevideo.com,MargaGibran-PC,TCP,54,https(443)  >  49335 [ACK] Seq=3306 Ack=2077 Win=24448 Len=0,,,,,,
848,26.033268,r3.sn-uxa3vhnxa-jb3r.googlevideo.com,MargaGibran-PC,TCP,1454,"https(443)  >  49334 [PSH, ACK] Seq=15906 Ack=2098 Win=24480 Len=1400 [TCP segment of a reassembled PDU]",,,,,,
849,26.03327,r3.sn-uxa3vhnxa-jb3r.googlevideo.com,MargaGibran-PC,TCP,1454,https(443)  >  49334 [ACK] Seq=17306 Ack=2098 Win=24480 Len=1400 [TCP segment of a reassembled PDU],,,,,,
850,26.033274,r3.sn-uxa3vhnxa-jb3r.googlevideo.com,MargaGibran-PC,TCP,1454,https(443)  >  49334 [ACK] Seq=18706 Ack=2098 Win=24480 Len=1400 [TCP segment of a reassembled PDU],,,,,,
851,26.033276,r3.sn-uxa3vhnxa-jb3r.googlevideo.com,MargaGibran-PC,TLSv1.3,1454,Application Data [TCP segment of a reassembled PDU],,,,,,
852,26.033366,MargaGibran-PC,r3.sn-uxa3vhnxa-jb3r.googlevideo.com,TCP,54,49334  >  https(443) [ACK] Seq=2098 Ack=21506 Win=65792 Len=0,,,,,,
853,26.035649,r3.sn-uxa3vhnxa-jb3r.googlevideo.com,MargaGibran-PC,TCP,1454,"https(443)  >  49334 [PSH, ACK] Seq=21506 Ack=2098 Win=24480 Len=1400 [TCP segment of a reassembled PDU]",,,,,,
854,26.035652,r3.sn-uxa3vhnxa-jb3r.googlevideo.com,MargaGibran-PC,TCP,1454,"https(443)  >  49334 [PSH, ACK] Seq=22906 Ack=2098 Win=24480 Len=1400 [TCP segment of a reassembled PDU]",,,,,,
855,26.035653,i.ytimg.com,MargaGibran-PC,TLSv1.3,1454,Application Data,,,,,,
856,26.035656,i.ytimg.com,MargaGibran-PC,TLSv1.3,1454,Application Data,,,,,,
857,26.035658,i.ytimg.com,MargaGibran-PC,TLSv1.3,1454,Application Data,,,,,,
858,26.03566,r3.sn-uxa3vhnxa-jb3r.googlevideo.com,MargaGibran-PC,TCP,1454,https(443)  >  49334 [ACK] Seq=24306 Ack=2098 Win=24480 Len=1400 [TCP segment of a reassembled PDU],,,,,,
859,26.035662,r3.sn-uxa3vhnxa-jb3r.googlevideo.com,MargaGibran-PC,TCP,1454,"https(443)  >  49334 [PSH, ACK] Seq=25706 Ack=2098 Win=24480 Len=1400 [TCP segment of a reassembled PDU]",,,,,,
860,26.035663,r3.sn-uxa3vhnxa-jb3r.googlevideo.com,MargaGibran-PC,TCP,1454,https(443)  >  49334 [ACK] Seq=27106 Ack=2098 Win=24480 Len=1400 [TCP segment of a reassembled PDU],,,,,,
861,26.035665,r3.sn-uxa3vhnxa-jb3r.googlevideo.com,MargaGibran-PC,TCP,550,"https(443)  >  49334 [PSH, ACK] Seq=28506 Ack=2098 Win=24480 Len=496 [TCP segment of a reassembled PDU]",,,,,,
862,26.035666,r3.sn-uxa3vhnxa-jb3r.googlevideo.com,MargaGibran-PC,TCP,63,"https(443)  >  49334 [PSH, ACK] Seq=29002 Ack=2098 Win=24480 Len=9 [TCP segment of a reassembled PDU]",,,,,,
863,26.035756,MargaGibran-PC,r3.sn-uxa3vhnxa-jb3r.googlevideo.com,TCP,54,49334  >  https(443) [ACK] Seq=2098 Ack=29011 Win=65792 Len=0,,,,,,
864,26.035836,MargaGibran-PC,i.ytimg.com,TCP,54,49332  >  https(443) [ACK] Seq=1236 Ack=8208 Win=65792 Len=0,,,,,,
865,26.049264,r3.sn-uxa3vhnxa-jb3r.googlevideo.com,MargaGibran-PC,TCP,1445,https(443)  >  49334 [ACK] Seq=29011 Ack=2098 Win=24480 Len=1391 [TCP segment of a reassembled PDU],,,,,,
866,26.049774,r3.sn-uxa3vhnxa-jb3r.googlevideo.com,MargaGibran-PC,TCP,1454,https(443)  >  49334 [ACK] Seq=30402 Ack=2098 Win=24480 Len=1400 [TCP segment of a reassembled PDU],,,,,,
867,26.049776,r3.sn-uxa3vhnxa-jb3r.googlevideo.com,MargaGibran-PC,TCP,1454,https(443)  >  49334 [ACK] Seq=31802 Ack=2098 Win=24480 Len=1400 [TCP segment of a reassembled PDU],,,,,,
868,26.049824,MargaGibran-PC,r3.sn-uxa3vhnxa-jb3r.googlevideo.com,TCP,54,49334  >  https(443) [ACK] Seq=2098 Ack=33202 Win=65792 Len=0,,,,,,
869,26.051762,r3.sn-uxa3vhnxa-jb3r.googlevideo.com,MargaGibran-PC,TCP,1454,https(443)  >  49334 [ACK] Seq=33202 Ack=2098 Win=24480 Len=1400 [TCP segment of a reassembled PDU],,,,,,
870,26.053999,r3.sn-uxa3vhnxa-jb3r.googlevideo.com,MargaGibran-PC,TCP,1454,https(443)  >  49334 [ACK] Seq=34602 Ack=2098 Win=24480 Len=1400 [TCP segment of a reassembled PDU],,,,,,
871,26.054041,MargaGibran-PC,r3.sn-uxa3vhnxa-jb3r.googlevideo.com,TCP,54,49334  >  https(443) [ACK] Seq=2098 Ack=36002 Win=65792 Len=0,,,,,,
872,26.055053,r3.sn-uxa3vhnxa-jb3r.googlevideo.com,MargaGibran-PC,TCP,958,"https(443)  >  49334 [PSH, ACK] Seq=36002 Ack=2098 Win=24480 Len=904 [TCP segment of a reassembled PDU]",,,,,,
873,26.055361,r3.sn-uxa3vhnxa-jb3r.googlevideo.com,MargaGibran-PC,TLSv1.3,559,Application Data [TCP segment of a reassembled PDU],,,,,,
874,26.055416,MargaGibran-PC,r3.sn-uxa3vhnxa-jb3r.googlevideo.com,TCP,54,49334  >  https(443) [ACK] Seq=2098 Ack=37411 Win=65792 Len=0,,,,,,
875,26.057429,r3.sn-uxa3vhnxa-jb3r.googlevideo.com,MargaGibran-PC,TCP,949,https(443)  >  49334 [ACK] Seq=37411 Ack=2098 Win=24480 Len=895 [TCP segment of a reassembled PDU],,,,,,
876,26.058173,r3.sn-uxa3vhnxa-jb3r.googlevideo.com,MargaGibran-PC,TCP,1454,https(443)  >  49334 [ACK] Seq=38306 Ack=2098 Win=24480 Len=1400 [TCP segment of a reassembled PDU],,,,,,
877,26.058174,r3.sn-uxa3vhnxa-jb3r.googlevideo.com,MargaGibran-PC,TCP,1454,https(443)  >  49334 [ACK] Seq=39706 Ack=2098 Win=24480 Len=1400 [TCP segment of a reassembled PDU],,,,,,
878,26.058229,MargaGibran-PC,r3.sn-uxa3vhnxa-jb3r.googlevideo.com,TCP,54,49334  >  https(443) [ACK] Seq=2098 Ack=41106 Win=65792 Len=0,,,,,,
879,26.059393,r3.sn-uxa3vhnxa-jb3r.googlevideo.com,MargaGibran-PC,TCP,1454,https(443)  >  49334 [ACK] Seq=41106 Ack=2098 Win=24480 Len=1400 [TCP segment of a reassembled PDU],,,,,,
880,26.059744,r3.sn-uxa3vhnxa-jb3r.googlevideo.com,MargaGibran-PC,TCP,1454,https(443)  >  49334 [ACK] Seq=42506 Ack=2098 Win=24480 Len=1400 [TCP segment of a reassembled PDU],,,,,,
881,26.059768,MargaGibran-PC,r3.sn-uxa3vhnxa-jb3r.googlevideo.com,TCP,54,49334  >  https(443) [ACK] Seq=2098 Ack=43906 Win=65792 Len=0,,,,,,
882,26.061075,r3.sn-uxa3vhnxa-jb3r.googlevideo.com,MargaGibran-PC,TCP,1454,"https(443)  >  49334 [PSH, ACK] Seq=43906 Ack=2098 Win=24480 Len=1400 [TCP segment of a reassembled PDU]",,,,,,
883,26.061594,r3.sn-uxa3vhnxa-jb3r.googlevideo.com,MargaGibran-PC,TCP,559,"https(443)  >  49334 [PSH, ACK] Seq=45306 Ack=2098 Win=24480 Len=505 [TCP segment of a reassembled PDU]",,,,,,
884,26.061595,r3.sn-uxa3vhnxa-jb3r.googlevideo.com,MargaGibran-PC,TLSv1.3,1454,"Application Data, Application Data",,,,,,
885,26.061596,r3.sn-uxa3vhnxa-jb3r.googlevideo.com,MargaGibran-PC,TLSv1.3,1127,Application Data,,,,,,
886,26.061625,MargaGibran-PC,r3.sn-uxa3vhnxa-jb3r.googlevideo.com,TCP,54,49334  >  https(443) [ACK] Seq=2098 Ack=45811 Win=65792 Len=0,,,,,,
887,26.061671,MargaGibran-PC,r3.sn-uxa3vhnxa-jb3r.googlevideo.com,TCP,54,49333  >  https(443) [ACK] Seq=2200 Ack=5779 Win=65792 Len=0,,,,,,
888,26.063531,r3.sn-uxa3vhnxa-jb3r.googlevideo.com,MargaGibran-PC,TLSv1.3,1454,Application Data,,,,,,
889,26.064328,r3.sn-uxa3vhnxa-jb3r.googlevideo.com,MargaGibran-PC,TLSv1.3,444,Application Data,,,,,,
891,26.064369,MargaGibran-PC,r3.sn-uxa3vhnxa-jb3r.googlevideo.com,TCP,54,49335  >  https(443) [ACK] Seq=2077 Ack=5096 Win=65792 Len=0,,,,,,
895,26.091192,r3.sn-uxa3vhnxa-jb3r.googlevideo.com,MargaGibran-PC,TCP,949,https(443)  >  49334 [ACK] Seq=45811 Ack=2098 Win=24480 Len=895 [TCP segment of a reassembled PDU],,,,,,
897,26.096692,r3.sn-uxa3vhnxa-jb3r.googlevideo.com,MargaGibran-PC,TCP,1454,https(443)  >  49334 [ACK] Seq=46706 Ack=2098 Win=24480 Len=1400 [TCP segment of a reassembled PDU],,,,,,
898,26.096739,MargaGibran-PC,r3.sn-uxa3vhnxa-jb3r.googlevideo.com,TCP,54,49334  >  https(443) [ACK] Seq=2098 Ack=48106 Win=65792 Len=0,,,,,,
899,26.097522,r3.sn-uxa3vhnxa-jb3r.googlevideo.com,MargaGibran-PC,TCP,1454,https(443)  >  49334 [ACK] Seq=48106 Ack=2098 Win=24480 Len=1400 [TCP segment of a reassembled PDU],,,,,,
900,26.097524,r3.sn-uxa3vhnxa-jb3r.googlevideo.com,MargaGibran-PC,TCP,1454,https(443)  >  49334 [ACK] Seq=49506 Ack=2098 Win=24480 Len=1400 [TCP segment of a reassembled PDU],,,,,,
901,26.097524,r3.sn-uxa3vhnxa-jb3r.googlevideo.com,MargaGibran-PC,TCP,1454,https(443)  >  49334 [ACK] Seq=50906 Ack=2098 Win=24480 Len=1400 [TCP segment of a reassembled PDU],,,,,,
902,26.097527,r3.sn-uxa3vhnxa-jb3r.googlevideo.com,MargaGibran-PC,TLSv1.3,1454,Application Data [TCP segment of a reassembled PDU],,,,,,
903,26.097557,MargaGibran-PC,r3.sn-uxa3vhnxa-jb3r.googlevideo.com,TCP,54,49334  >  https(443) [ACK] Seq=2098 Ack=53706 Win=65792 Len=0,,,,,,
904,26.098361,r3.sn-uxa3vhnxa-jb3r.googlevideo.com,MargaGibran-PC,TCP,1454,https(443)  >  49334 [ACK] Seq=53706 Ack=2098 Win=24480 Len=1400 [TCP segment of a reassembled PDU],,,,,,
905,26.098362,r3.sn-uxa3vhnxa-jb3r.googlevideo.com,MargaGibran-PC,TCP,1454,https(443)  >  49334 [ACK] Seq=55106 Ack=2098 Win=24480 Len=1400 [TCP segment of a reassembled PDU],,,,,,
906,26.098391,MargaGibran-PC,r3.sn-uxa3vhnxa-jb3r.googlevideo.com,TCP,54,49334  >  https(443) [ACK] Seq=2098 Ack=56506 Win=65792 Len=0,,,,,,
907,26.099139,r3.sn-uxa3vhnxa-jb3r.googlevideo.com,MargaGibran-PC,TCP,1454,https(443)  >  49334 [ACK] Seq=56506 Ack=2098 Win=24480 Len=1400 [TCP segment of a reassembled PDU],,,,,,
908,26.099635,r3.sn-uxa3vhnxa-jb3r.googlevideo.com,MargaGibran-PC,TCP,1454,https(443)  >  49334 [ACK] Seq=57906 Ack=2098 Win=24480 Len=1400 [TCP segment of a reassembled PDU],,,,,,
909,26.099636,r3.sn-uxa3vhnxa-jb3r.googlevideo.com,MargaGibran-PC,TCP,1454,https(443)  >  49334 [ACK] Seq=59306 Ack=2098 Win=24480 Len=1400 [TCP segment of a reassembled PDU],,,,,,
910,26.099656,MargaGibran-PC,r3.sn-uxa3vhnxa-jb3r.googlevideo.com,TCP,54,49334  >  https(443) [ACK] Seq=2098 Ack=60706 Win=65792 Len=0,,,,,,
911,26.101616,r3.sn-uxa3vhnxa-jb3r.googlevideo.com,MargaGibran-PC,TCP,1454,"https(443)  >  49334 [PSH, ACK] Seq=60706 Ack=2098 Win=24480 Len=1400 [TCP segment of a reassembled PDU]",,,,,,
912,26.102149,i.ytimg.com,MargaGibran-PC,TLSv1.3,1454,Application Data,,,,,,
913,26.10215,i.ytimg.com,MargaGibran-PC,TLSv1.3,1454,Application Data,,,,,,
914,26.102174,MargaGibran-PC,i.ytimg.com,TCP,54,49332  >  https(443) [ACK] Seq=1236 Ack=11008 Win=65792 Len=0,,,,,,
915,26.111551,i.ytimg.com,MargaGibran-PC,TLSv1.3,1454,Application Data,,,,,,
916,26.112315,i.ytimg.com,MargaGibran-PC,TLSv1.3,1454,Application Data,,,,,,
917,26.112317,i.ytimg.com,MargaGibran-PC,TLSv1.3,130,"Application Data, Application Data",,,,,,
918,26.112317,r3.sn-uxa3vhnxa-jb3r.googlevideo.com,MargaGibran-PC,TCP,1454,https(443)  >  49334 [ACK] Seq=62106 Ack=2098 Win=24480 Len=1400 [TCP segment of a reassembled PDU],,,,,,
919,26.112318,r3.sn-uxa3vhnxa-jb3r.googlevideo.com,MargaGibran-PC,TCP,1454,https(443)  >  49334 [ACK] Seq=63506 Ack=2098 Win=24480 Len=1400 [TCP segment of a reassembled PDU],,,,,,
920,26.11236,MargaGibran-PC,i.ytimg.com,TCP,54,49332  >  https(443) [ACK] Seq=1236 Ack=13884 Win=65792 Len=0,,,,,,
921,26.112425,MargaGibran-PC,r3.sn-uxa3vhnxa-jb3r.googlevideo.com,TCP,54,49334  >  https(443) [ACK] Seq=2098 Ack=64906 Win=65792 Len=0,,,,,,
922,26.112733,MargaGibran-PC,i.ytimg.com,TLSv1.3,93,Application Data,,,,,,
923,26.113843,r3.sn-uxa3vhnxa-jb3r.googlevideo.com,MargaGibran-PC,TCP,1454,https(443)  >  49334 [ACK] Seq=64906 Ack=2098 Win=24480 Len=1400 [TCP segment of a reassembled PDU],,,,,,
924,26.113846,r3.sn-uxa3vhnxa-jb3r.googlevideo.com,MargaGibran-PC,TCP,1454,https(443)  >  49334 [ACK] Seq=66306 Ack=2098 Win=24480 Len=1400 [TCP segment of a reassembled PDU],,,,,,
925,26.113885,MargaGibran-PC,r3.sn-uxa3vhnxa-jb3r.googlevideo.com,TCP,54,49334  >  https(443) [ACK] Seq=2098 Ack=67706 Win=65792 Len=0,,,,,,
926,26.114049,r3.sn-uxa3vhnxa-jb3r.googlevideo.com,MargaGibran-PC,TCP,1454,"https(443)  >  49334 [PSH, ACK] Seq=67706 Ack=2098 Win=24480 Len=1400 [TCP segment of a reassembled PDU]",,,,,,
927,26.115191,r3.sn-uxa3vhnxa-jb3r.googlevideo.com,MargaGibran-PC,TLSv1.3,1454,Application Data [TCP segment of a reassembled PDU],,,,,,
928,26.115192,r3.sn-uxa3vhnxa-jb3r.googlevideo.com,MargaGibran-PC,TCP,1454,https(443)  >  49334 [ACK] Seq=70506 Ack=2098 Win=24480 Len=1400 [TCP segment of a reassembled PDU],,,,,,
929,26.115193,r3.sn-uxa3vhnxa-jb3r.googlevideo.com,MargaGibran-PC,TCP,1454,https(443)  >  49334 [ACK] Seq=71906 Ack=2098 Win=24480 Len=1400 [TCP segment of a reassembled PDU],,,,,,
930,26.115195,r3.sn-uxa3vhnxa-jb3r.googlevideo.com,MargaGibran-PC,TCP,1454,https(443)  >  49334 [ACK] Seq=73306 Ack=2098 Win=24480 Len=1400 [TCP segment of a reassembled PDU],,,,,,
931,26.115195,r3.sn-uxa3vhnxa-jb3r.googlevideo.com,MargaGibran-PC,TCP,1454,"https(443)  >  49334 [PSH, ACK] Seq=74706 Ack=2098 Win=24480 Len=1400 [TCP segment of a reassembled PDU]",,,,,,
932,26.115222,MargaGibran-PC,r3.sn-uxa3vhnxa-jb3r.googlevideo.com,TCP,54,49334  >  https(443) [ACK] Seq=2098 Ack=76106 Win=65792 Len=0,,,,,,
933,26.124415,r3.sn-uxa3vhnxa-jb3r.googlevideo.com,MargaGibran-PC,TCP,1454,https(443)  >  49334 [ACK] Seq=76106 Ack=2098 Win=24480 Len=1400 [TCP segment of a reassembled PDU],,,,,,
934,26.124885,r3.sn-uxa3vhnxa-jb3r.googlevideo.com,MargaGibran-PC,TCP,1454,https(443)  >  49334 [ACK] Seq=77506 Ack=2098 Win=24480 Len=1400 [TCP segment of a reassembled PDU],,,,,,
935,26.124887,r3.sn-uxa3vhnxa-jb3r.googlevideo.com,MargaGibran-PC,TCP,1454,https(443)  >  49334 [ACK] Seq=78906 Ack=2098 Win=24480 Len=1400 [TCP segment of a reassembled PDU],,,,,,
936,26.124931,MargaGibran-PC,r3.sn-uxa3vhnxa-jb3r.googlevideo.com,TCP,54,49334  >  https(443) [ACK] Seq=2098 Ack=80306 Win=65792 Len=0,,,,,,
937,26.131388,MargaGibran-PC,i.ytimg.com,TCP,54,49331  >  https(443) [ACK] Seq=642 Ack=793 Win=64768 Len=0,,,,,,
938,26.140583,r3.sn-uxa3vhnxa-jb3r.googlevideo.com,MargaGibran-PC,TCP,1454,https(443)  >  49334 [ACK] Seq=80306 Ack=2098 Win=24480 Len=1400 [TCP segment of a reassembled PDU],,,,,,
939,26.141438,r3.sn-uxa3vhnxa-jb3r.googlevideo.com,MargaGibran-PC,TCP,1454,https(443)  >  49334 [ACK] Seq=81706 Ack=2098 Win=24480 Len=1400 [TCP segment of a reassembled PDU],,,,,,
940,26.141439,r3.sn-uxa3vhnxa-jb3r.googlevideo.com,MargaGibran-PC,TCP,1454,https(443)  >  49334 [ACK] Seq=83106 Ack=2098 Win=24480 Len=1400 [TCP segment of a reassembled PDU],,,,,,
941,26.141441,r3.sn-uxa3vhnxa-jb3r.googlevideo.com,MargaGibran-PC,TCP,1454,"https(443)  >  49334 [PSH, ACK] Seq=84506 Ack=2098 Win=24480 Len=1400 [TCP segment of a reassembled PDU]",,,,,,
942,26.141442,r3.sn-uxa3vhnxa-jb3r.googlevideo.com,MargaGibran-PC,TLSv1.3,1454,Application Data [TCP segment of a reassembled PDU],,,,,,
943,26.14149,MargaGibran-PC,r3.sn-uxa3vhnxa-jb3r.googlevideo.com,TCP,54,49334  >  https(443) [ACK] Seq=2098 Ack=87306 Win=65792 Len=0,,,,,,
944,26.142519,r3.sn-uxa3vhnxa-jb3r.googlevideo.com,MargaGibran-PC,TCP,1454,https(443)  >  49334 [ACK] Seq=87306 Ack=2098 Win=24480 Len=1400 [TCP segment of a reassembled PDU],,,,,,
945,26.142648,r3.sn-uxa3vhnxa-jb3r.googlevideo.com,MargaGibran-PC,TCP,1454,"https(443)  >  49334 [PSH, ACK] Seq=88706 Ack=2098 Win=24480 Len=1400 [TCP segment of a reassembled PDU]",,,,,,
946,26.142671,MargaGibran-PC,r3.sn-uxa3vhnxa-jb3r.googlevideo.com,TCP,54,49334  >  https(443) [ACK] Seq=2098 Ack=90106 Win=65792 Len=0,,,,,,
947,26.170373,r3.sn-uxa3vhnxa-jb3r.googlevideo.com,MargaGibran-PC,TCP,1454,https(443)  >  49334 [ACK] Seq=90106 Ack=2098 Win=24480 Len=1400 [TCP segment of a reassembled PDU],,,,,,
948,26.171456,r3.sn-uxa3vhnxa-jb3r.googlevideo.com,MargaGibran-PC,TCP,1454,https(443)  >  49334 [ACK] Seq=91506 Ack=2098 Win=24480 Len=1400 [TCP segment of a reassembled PDU],,,,,,
949,26.171457,r3.sn-uxa3vhnxa-jb3r.googlevideo.com,MargaGibran-PC,TCP,1454,https(443)  >  49334 [ACK] Seq=92906 Ack=2098 Win=24480 Len=1400 [TCP segment of a reassembled PDU],,,,,,
950,26.171458,r3.sn-uxa3vhnxa-jb3r.googlevideo.com,MargaGibran-PC,TCP,1454,https(443)  >  49334 [ACK] Seq=94306 Ack=2098 Win=24480 Len=1400 [TCP segment of a reassembled PDU],,,,,,
951,26.17146,r3.sn-uxa3vhnxa-jb3r.googlevideo.com,MargaGibran-PC,TCP,1454,https(443)  >  49334 [ACK] Seq=95706 Ack=2098 Win=24480 Len=1400 [TCP segment of a reassembled PDU],,,,,,
952,26.171461,r3.sn-uxa3vhnxa-jb3r.googlevideo.com,MargaGibran-PC,TCP,1454,https(443)  >  49334 [ACK] Seq=97106 Ack=2098 Win=24480 Len=1400 [TCP segment of a reassembled PDU],,,,,,
953,26.171501,MargaGibran-PC,r3.sn-uxa3vhnxa-jb3r.googlevideo.com,TCP,54,49334  >  https(443) [ACK] Seq=2098 Ack=98506 Win=65792 Len=0,,,,,,
954,26.198756,r3.sn-uxa3vhnxa-jb3r.googlevideo.com,MargaGibran-PC,TCP,1454,"https(443)  >  49334 [PSH, ACK] Seq=98506 Ack=2098 Win=24480 Len=1400 [TCP segment of a reassembled PDU]",,,,,,
955,26.199445,r3.sn-uxa3vhnxa-jb3r.googlevideo.com,MargaGibran-PC,TCP,1454,https(443)  >  49334 [ACK] Seq=99906 Ack=2098 Win=24480 Len=1400 [TCP segment of a reassembled PDU],,,,,,
960,26.19945,r3.sn-uxa3vhnxa-jb3r.googlevideo.com,MargaGibran-PC,TCP,1454,https(443)  >  49334 [ACK] Seq=101306 Ack=2098 Win=24480 Len=1400 [TCP segment of a reassembled PDU],,,,,,
961,26.19948,MargaGibran-PC,r3.sn-uxa3vhnxa-jb3r.googlevideo.com,TCP,54,49334  >  https(443) [ACK] Seq=2098 Ack=101306 Win=65792 Len=0,,,,,,
963,26.222912,r3.sn-uxa3vhnxa-jb3r.googlevideo.com,MargaGibran-PC,TLSv1.3,1454,Application Data [TCP segment of a reassembled PDU],,,,,,
964,26.222959,MargaGibran-PC,r3.sn-uxa3vhnxa-jb3r.googlevideo.com,TCP,54,49334  >  https(443) [ACK] Seq=2098 Ack=104106 Win=65792 Len=0,,,,,,
965,26.224727,r3.sn-uxa3vhnxa-jb3r.googlevideo.com,MargaGibran-PC,TCP,1454,https(443)  >  49334 [ACK] Seq=104106 Ack=2098 Win=24480 Len=1400 [TCP segment of a reassembled PDU],,,,,,
966,26.224728,r3.sn-uxa3vhnxa-jb3r.googlevideo.com,MargaGibran-PC,TCP,1454,https(443)  >  49334 [ACK] Seq=105506 Ack=2098 Win=24480 Len=1400 [TCP segment of a reassembled PDU],,,,,,
967,26.224731,r3.sn-uxa3vhnxa-jb3r.googlevideo.com,MargaGibran-PC,TCP,1454,https(443)  >  49334 [ACK] Seq=106906 Ack=2098 Win=24480 Len=1400 [TCP segment of a reassembled PDU],,,,,,
968,26.224732,r3.sn-uxa3vhnxa-jb3r.googlevideo.com,MargaGibran-PC,TCP,1454,"https(443)  >  49334 [PSH, ACK] Seq=108306 Ack=2098 Win=24480 Len=1400 [TCP segment of a reassembled PDU]",,,,,,
969,26.224734,r3.sn-uxa3vhnxa-jb3r.googlevideo.com,MargaGibran-PC,TCP,1454,https(443)  >  49334 [ACK] Seq=109706 Ack=2098 Win=24480 Len=1400 [TCP segment of a reassembled PDU],,,,,,
970,26.224735,r3.sn-uxa3vhnxa-jb3r.googlevideo.com,MargaGibran-PC,TCP,1454,https(443)  >  49334 [ACK] Seq=111106 Ack=2098 Win=24480 Len=1400 [TCP segment of a reassembled PDU],,,,,,
971,26.22474,r3.sn-uxa3vhnxa-jb3r.googlevideo.com,MargaGibran-PC,TCP,1454,https(443)  >  49334 [ACK] Seq=112506 Ack=2098 Win=24480 Len=1400 [TCP segment of a reassembled PDU],,,,,,
972,26.224743,r3.sn-uxa3vhnxa-jb3r.googlevideo.com,MargaGibran-PC,TCP,1454,https(443)  >  49334 [ACK] Seq=113906 Ack=2098 Win=24480 Len=1400 [TCP segment of a reassembled PDU],,,,,,
973,26.224746,r3.sn-uxa3vhnxa-jb3r.googlevideo.com,MargaGibran-PC,TCP,1454,"https(443)  >  49334 [PSH, ACK] Seq=115306 Ack=2098 Win=24480 Len=1400 [TCP segment of a reassembled PDU]",,,,,,
974,26.225012,MargaGibran-PC,r3.sn-uxa3vhnxa-jb3r.googlevideo.com,TCP,54,49334  >  https(443) [ACK] Seq=2098 Ack=116706 Win=61440 Len=0,,,,,,
975,26.22541,r3.sn-uxa3vhnxa-jb3r.googlevideo.com,MargaGibran-PC,TCP,1454,https(443)  >  49334 [ACK] Seq=116706 Ack=2098 Win=24480 Len=1400 [TCP segment of a reassembled PDU],,,,,,
976,26.225414,r3.sn-uxa3vhnxa-jb3r.googlevideo.com,MargaGibran-PC,TLSv1.3,1454,Application Data [TCP segment of a reassembled PDU],,,,,,
977,26.225448,MargaGibran-PC,r3.sn-uxa3vhnxa-jb3r.googlevideo.com,TCP,54,49334  >  https(443) [ACK] Seq=2098 Ack=119506 Win=58624 Len=0,,,,,,
978,26.225554,MargaGibran-PC,r3.sn-uxa3vhnxa-jb3r.googlevideo.com,TCP,54,[TCP Window Update] 49334  >  https(443) [ACK] Seq=2098 Ack=119506 Win=65792 Len=0,,,,,,
979,26.2265,r3.sn-uxa3vhnxa-jb3r.googlevideo.com,MargaGibran-PC,TCP,1454,https(443)  >  49334 [ACK] Seq=119506 Ack=2098 Win=24480 Len=1400 [TCP segment of a reassembled PDU],,,,,,
980,26.226502,r3.sn-uxa3vhnxa-jb3r.googlevideo.com,MargaGibran-PC,TCP,1454,"https(443)  >  49334 [PSH, ACK] Seq=120906 Ack=2098 Win=24480 Len=1400 [TCP segment of a reassembled PDU]",,,,,,
981,26.226503,r3.sn-uxa3vhnxa-jb3r.googlevideo.com,MargaGibran-PC,TCP,1454,https(443)  >  49334 [ACK] Seq=122306 Ack=2098 Win=24480 Len=1400 [TCP segment of a reassembled PDU],,,,,,
982,26.226503,r3.sn-uxa3vhnxa-jb3r.googlevideo.com,MargaGibran-PC,TCP,1454,https(443)  >  49334 [ACK] Seq=123706 Ack=2098 Win=24480 Len=1400 [TCP segment of a reassembled PDU],,,,,,
983,26.226504,r3.sn-uxa3vhnxa-jb3r.googlevideo.com,MargaGibran-PC,TCP,1454,https(443)  >  49334 [ACK] Seq=125106 Ack=2098 Win=24480 Len=1400 [TCP segment of a reassembled PDU],,,,,,
984,26.226505,r3.sn-uxa3vhnxa-jb3r.googlevideo.com,MargaGibran-PC,TCP,1454,https(443)  >  49334 [ACK] Seq=126506 Ack=2098 Win=24480 Len=1400 [TCP segment of a reassembled PDU],,,,,,
985,26.226506,r3.sn-uxa3vhnxa-jb3r.googlevideo.com,MargaGibran-PC,TCP,1454,https(443)  >  49334 [ACK] Seq=127906 Ack=2098 Win=24480 Len=1400 [TCP segment of a reassembled PDU],,,,,,
986,26.226551,MargaGibran-PC,r3.sn-uxa3vhnxa-jb3r.googlevideo.com,TCP,54,49334  >  https(443) [ACK] Seq=2098 Ack=129306 Win=64256 Len=0,,,,,,
987,26.226698,MargaGibran-PC,r3.sn-uxa3vhnxa-jb3r.googlevideo.com,TCP,54,[TCP Window Update] 49334  >  https(443) [ACK] Seq=2098 Ack=129306 Win=65792 Len=0,,,,,,
988,26.226921,r3.sn-uxa3vhnxa-jb3r.googlevideo.com,MargaGibran-PC,TCP,1454,https(443)  >  49334 [ACK] Seq=129306 Ack=2098 Win=24480 Len=1400 [TCP segment of a reassembled PDU],,,,,,
989,26.258429,r3.sn-uxa3vhnxa-jb3r.googlevideo.com,MargaGibran-PC,TCP,1454,https(443)  >  49334 [ACK] Seq=130706 Ack=2098 Win=24480 Len=1400 [TCP segment of a reassembled PDU],,,,,,
990,26.258546,MargaGibran-PC,r3.sn-uxa3vhnxa-jb3r.googlevideo.com,TCP,54,49334  >  https(443) [ACK] Seq=2098 Ack=132106 Win=65792 Len=0,,,,,,
991,26.25907,r3.sn-uxa3vhnxa-jb3r.googlevideo.com,MargaGibran-PC,TCP,1454,"https(443)  >  49334 [PSH, ACK] Seq=132106 Ack=2098 Win=24480 Len=1400 [TCP segment of a reassembled PDU]",,,,,,
992,26.259072,r3.sn-uxa3vhnxa-jb3r.googlevideo.com,MargaGibran-PC,TCP,1454,https(443)  >  49334 [ACK] Seq=133506 Ack=2098 Win=24480 Len=1400 [TCP segment of a reassembled PDU],,,,,,
993,26.259073,r3.sn-uxa3vhnxa-jb3r.googlevideo.com,MargaGibran-PC,TLSv1.3,1454,Application Data [TCP segment of a reassembled PDU],,,,,,
994,26.259093,MargaGibran-PC,r3.sn-uxa3vhnxa-jb3r.googlevideo.com,TCP,54,49334  >  https(443) [ACK] Seq=2098 Ack=136306 Win=65792 Len=0,,,,,,
995,26.260095,r3.sn-uxa3vhnxa-jb3r.googlevideo.com,MargaGibran-PC,TCP,1454,https(443)  >  49334 [ACK] Seq=136306 Ack=2098 Win=24480 Len=1400 [TCP segment of a reassembled PDU],,,,,,
996,26.261186,r3.sn-uxa3vhnxa-jb3r.googlevideo.com,MargaGibran-PC,TCP,1454,https(443)  >  49334 [ACK] Seq=137706 Ack=2098 Win=24480 Len=1400 [TCP segment of a reassembled PDU],,,,,,
997,26.261186,r3.sn-uxa3vhnxa-jb3r.googlevideo.com,MargaGibran-PC,TCP,1454,"https(443)  >  49334 [PSH, ACK] Seq=139106 Ack=2098 Win=24480 Len=1400 [TCP segment of a reassembled PDU]",,,,,,
998,26.261188,i.ytimg.com,MargaGibran-PC,TCP,54,https(443)  >  49332 [ACK] Seq=13884 Ack=1275 Win=23648 Len=0,,,,,,
999,26.261188,r3.sn-uxa3vhnxa-jb3r.googlevideo.com,MargaGibran-PC,TCP,1454,https(443)  >  49334 [ACK] Seq=140506 Ack=2098 Win=24480 Len=1400 [TCP segment of a reassembled PDU],,,,,,
1000,26.261189,r3.sn-uxa3vhnxa-jb3r.googlevideo.com,MargaGibran-PC,TCP,1454,https(443)  >  49334 [ACK] Seq=141906 Ack=2098 Win=24480 Len=1400 [TCP segment of a reassembled PDU],,,,,,
1001,26.26119,r3.sn-uxa3vhnxa-jb3r.googlevideo.com,MargaGibran-PC,TCP,1454,https(443)  >  49334 [ACK] Seq=143306 Ack=2098 Win=24480 Len=1400 [TCP segment of a reassembled PDU],,,,,,
1002,26.261218,MargaGibran-PC,r3.sn-uxa3vhnxa-jb3r.googlevideo.com,TCP,54,49334  >  https(443) [ACK] Seq=2098 Ack=144706 Win=65792 Len=0,,,,,,
1004,26.275589,r3.sn-uxa3vhnxa-jb3r.googlevideo.com,MargaGibran-PC,TCP,1454,https(443)  >  49334 [ACK] Seq=144706 Ack=2098 Win=24480 Len=1400 [TCP segment of a reassembled PDU],,,,,,
1005,26.27664,r3.sn-uxa3vhnxa-jb3r.googlevideo.com,MargaGibran-PC,TCP,1454,https(443)  >  49334 [ACK] Seq=146106 Ack=2098 Win=24480 Len=1400 [TCP segment of a reassembled PDU],,,,,,
1006,26.276641,r3.sn-uxa3vhnxa-jb3r.googlevideo.com,MargaGibran-PC,TCP,1454,https(443)  >  49334 [ACK] Seq=147506 Ack=2098 Win=24480 Len=1400 [TCP segment of a reassembled PDU],,,,,,
1007,26.276644,r3.sn-uxa3vhnxa-jb3r.googlevideo.com,MargaGibran-PC,TCP,1454,https(443)  >  49334 [ACK] Seq=148906 Ack=2098 Win=24480 Len=1400 [TCP segment of a reassembled PDU],,,,,,
1008,26.276645,r3.sn-uxa3vhnxa-jb3r.googlevideo.com,MargaGibran-PC,TCP,1454,https(443)  >  49334 [ACK] Seq=150306 Ack=2098 Win=24480 Len=1400 [TCP segment of a reassembled PDU],,,,,,
1009,26.276646,r3.sn-uxa3vhnxa-jb3r.googlevideo.com,MargaGibran-PC,TLSv1.3,1454,Application Data [TCP segment of a reassembled PDU],,,,,,
1010,26.276647,r3.sn-uxa3vhnxa-jb3r.googlevideo.com,MargaGibran-PC,TCP,1454,https(443)  >  49334 [ACK] Seq=153106 Ack=2098 Win=24480 Len=1400 [TCP segment of a reassembled PDU],,,,,,
1011,26.27669,MargaGibran-PC,r3.sn-uxa3vhnxa-jb3r.googlevideo.com,TCP,54,49334  >  https(443) [ACK] Seq=2098 Ack=154506 Win=65792 Len=0,,,,,,
1012,26.293961,MargaGibran-PC,r3.sn-uxa3vhnxa-jb3r.googlevideo.com,TCP,1454,49335  >  https(443) [ACK] Seq=2077 Ack=5096 Win=65792 Len=1400 [TCP segment of a reassembled PDU],,,,,,
1013,26.293971,MargaGibran-PC,r3.sn-uxa3vhnxa-jb3r.googlevideo.com,TLSv1.3,165,Application Data,,,,,,
1014,26.295448,r3.sn-uxa3vhnxa-jb3r.googlevideo.com,MargaGibran-PC,TCP,1454,https(443)  >  49334 [ACK] Seq=154506 Ack=2098 Win=24480 Len=1400 [TCP segment of a reassembled PDU],,,,,,
1015,26.297335,r3.sn-uxa3vhnxa-jb3r.googlevideo.com,MargaGibran-PC,TCP,1454,https(443)  >  49334 [ACK] Seq=155906 Ack=2098 Win=24480 Len=1400 [TCP segment of a reassembled PDU],,,,,,
1016,26.297409,MargaGibran-PC,r3.sn-uxa3vhnxa-jb3r.googlevideo.com,TCP,54,49334  >  https(443) [ACK] Seq=2098 Ack=157306 Win=65792 Len=0,,,,,,
1017,26.297878,r3.sn-uxa3vhnxa-jb3r.googlevideo.com,MargaGibran-PC,TCP,1454,https(443)  >  49334 [ACK] Seq=157306 Ack=2098 Win=24480 Len=1400 [TCP segment of a reassembled PDU],,,,,,
1018,26.297883,r3.sn-uxa3vhnxa-jb3r.googlevideo.com,MargaGibran-PC,TCP,1454,https(443)  >  49334 [ACK] Seq=158706 Ack=2098 Win=24480 Len=1400 [TCP segment of a reassembled PDU],,,,,,
1019,26.297926,MargaGibran-PC,r3.sn-uxa3vhnxa-jb3r.googlevideo.com,TCP,54,49334  >  https(443) [ACK] Seq=2098 Ack=160106 Win=65792 Len=0,,,,,,
1020,26.302168,r3.sn-uxa3vhnxa-jb3r.googlevideo.com,MargaGibran-PC,TCP,1454,https(443)  >  49334 [ACK] Seq=160106 Ack=2098 Win=24480 Len=1400 [TCP segment of a reassembled PDU],,,,,,
1021,26.336109,r3.sn-uxa3vhnxa-jb3r.googlevideo.com,MargaGibran-PC,TCP,1454,"https(443)  >  49334 [PSH, ACK] Seq=161506 Ack=2098 Win=24480 Len=1400 [TCP segment of a reassembled PDU]",,,,,,
1022,26.336171,MargaGibran-PC,r3.sn-uxa3vhnxa-jb3r.googlevideo.com,TCP,54,49334  >  https(443) [ACK] Seq=2098 Ack=162906 Win=65792 Len=0,,,,,,
1023,26.336653,r3.sn-uxa3vhnxa-jb3r.googlevideo.com,MargaGibran-PC,TCP,1454,https(443)  >  49334 [ACK] Seq=162906 Ack=2098 Win=24480 Len=1400 [TCP segment of a reassembled PDU],,,,,,
1024,26.336657,r3.sn-uxa3vhnxa-jb3r.googlevideo.com,MargaGibran-PC,TCP,1454,"https(443)  >  49334 [PSH, ACK] Seq=164306 Ack=2098 Win=24480 Len=1400 [TCP segment of a reassembled PDU]",,,,,,
1025,26.336691,MargaGibran-PC,r3.sn-uxa3vhnxa-jb3r.googlevideo.com,TCP,54,49334  >  https(443) [ACK] Seq=2098 Ack=165706 Win=65792 Len=0,,,,,,
1026,26.338485,r3.sn-uxa3vhnxa-jb3r.googlevideo.com,MargaGibran-PC,TCP,1454,https(443)  >  49334 [ACK] Seq=165706 Ack=2098 Win=24480 Len=1400 [TCP segment of a reassembled PDU],,,,,,
1027,26.338847,r3.sn-uxa3vhnxa-jb3r.googlevideo.com,MargaGibran-PC,TCP,1454,"https(443)  >  49334 [PSH, ACK] Seq=167106 Ack=2098 Win=24480 Len=1400 [TCP segment of a reassembled PDU]",,,,,,
1028,26.338875,MargaGibran-PC,r3.sn-uxa3vhnxa-jb3r.googlevideo.com,TCP,54,49334  >  https(443) [ACK] Seq=2098 Ack=168506 Win=65792 Len=0,,,,,,
1029,26.341826,r3.sn-uxa3vhnxa-jb3r.googlevideo.com,MargaGibran-PC,TLSv1.3,1454,Application Data [TCP segment of a reassembled PDU],,,,,,
1030,26.342054,r3.sn-uxa3vhnxa-jb3r.googlevideo.com,MargaGibran-PC,TLSv1.3,920,Application Data,,,,,,
1031,26.342076,MargaGibran-PC,r3.sn-uxa3vhnxa-jb3r.googlevideo.com,TCP,54,49334  >  https(443) [ACK] Seq=2098 Ack=170772 Win=65792 Len=0,,,,,,
1033,26.358235,r3.sn-uxa3vhnxa-jb3r.googlevideo.com,MargaGibran-PC,TCP,54,https(443)  >  49335 [ACK] Seq=5096 Ack=3588 Win=25984 Len=0,,,,,,
1034,26.392491,r3.sn-uxa3vhnxa-jb3r.googlevideo.com,MargaGibran-PC,TLSv1.3,1454,Application Data,,,,,,
1035,26.393052,r3.sn-uxa3vhnxa-jb3r.googlevideo.com,MargaGibran-PC,TCP,1454,"https(443)  >  49335 [PSH, ACK] Seq=6496 Ack=3588 Win=25984 Len=1400 [TCP segment of a reassembled PDU]",,,,,,
1036,26.393057,r3.sn-uxa3vhnxa-jb3r.googlevideo.com,MargaGibran-PC,TCP,1454,"https(443)  >  49335 [PSH, ACK] Seq=7896 Ack=3588 Win=25984 Len=1400 [TCP segment of a reassembled PDU]",,,,,,
1037,26.393122,MargaGibran-PC,r3.sn-uxa3vhnxa-jb3r.googlevideo.com,TCP,54,49335  >  https(443) [ACK] Seq=3588 Ack=9296 Win=65792 Len=0,,,,,,
1038,26.409321,r3.sn-uxa3vhnxa-jb3r.googlevideo.com,MargaGibran-PC,TLSv1.3,1111,Application Data,,,,,,
1040,26.450782,us-browser-notifications.opera.com,MargaGibran-PC,TCP,1354,"https(443)  >  49326 [PSH, ACK] Seq=3960 Ack=754 Win=23136 Len=1300 [TCP segment of a reassembled PDU]",,,,,,
1043,26.61246,MargaGibran-PC,r3.sn-uxa3vhnxa-jb3r.googlevideo.com,TCP,54,49335  >  https(443) [ACK] Seq=3588 Ack=10353 Win=64512 Len=0,,,,,,
1044,26.650451,MargaGibran-PC,us-browser-notifications.opera.com,TCP,54,49326  >  https(443) [ACK] Seq=754 Ack=5260 Win=65792 Len=0,,,,,,
1166,29.005676,us-browser-notifications.opera.com,MargaGibran-PC,TCP,1354,https(443)  >  49326 [ACK] Seq=5260 Ack=754 Win=23136 Len=1300 [TCP segment of a reassembled PDU],,,,,,
1167,29.126715,us-browser-notifications.opera.com,MargaGibran-PC,TCP,1354,"https(443)  >  49326 [PSH, ACK] Seq=6560 Ack=754 Win=23136 Len=1300 [TCP segment of a reassembled PDU]",,,,,,
1168,29.126782,MargaGibran-PC,us-browser-notifications.opera.com,TCP,54,49326  >  https(443) [ACK] Seq=754 Ack=7860 Win=65792 Len=0,,,,,,
1208,29.29787,us-browser-notifications.opera.com,MargaGibran-PC,TCP,1354,[TCP Spurious Retransmission] https(443)  >  49326 [ACK] Seq=5260 Ack=754 Win=23136 Len=1300 [TCP segment of a reassembled PDU],,,,,,
1210,29.2979,MargaGibran-PC,us-browser-notifications.opera.com,TCP,66,[TCP Dup ACK 1168#1] 49326  >  https(443) [ACK] Seq=754 Ack=7860 Win=65792 Len=0 SLE=5260 SRE=6560,,,,,,
1212,29.30014,us-browser-notifications.opera.com,MargaGibran-PC,TLSv1.2,399,Application Data,,,,,,
1225,29.457734,MargaGibran-PC,us-browser-notifications.opera.com,TLSv1.2,107,Encrypted Alert,,,,,,
1226,29.458087,MargaGibran-PC,us-browser-notifications.opera.com,TCP,54,"49326  >  https(443) [FIN, ACK] Seq=807 Ack=8205 Win=65280 Len=0",,,,,,
1229,29.759555,MargaGibran-PC,us-browser-notifications.opera.com,TCP,107,"[TCP Retransmission] 49326  >  https(443) [FIN, PSH, ACK] Seq=754 Ack=8205 Win=65280 Len=53",,,,,,
1230,29.8991,MargaGibran-PC,i.ytimg.com,TCP,54,"49331  >  https(443) [FIN, ACK] Seq=642 Ack=793 Win=64768 Len=0",,,,,,
1231,29.899349,MargaGibran-PC,r3.sn-uxa3vhnxa-jb3r.googlevideo.com,TCP,54,"49336  >  https(443) [FIN, ACK] Seq=582 Ack=3306 Win=65792 Len=0",,,,,,
1232,29.899618,MargaGibran-PC,r3.sn-uxa3vhnxa-jb3r.googlevideo.com,TCP,54,"49337  >  https(443) [FIN, ACK] Seq=582 Ack=3306 Win=65792 Len=0",,,,,,
1233,29.89985,MargaGibran-PC,r3.sn-uxa3vhnxa-jb3r.googlevideo.com,TCP,54,"49333  >  https(443) [FIN, ACK] Seq=2200 Ack=5779 Win=65792 Len=0",,,,,,
1234,29.900031,MargaGibran-PC,r3.sn-uxa3vhnxa-jb3r.googlevideo.com,TCP,54,"49334  >  https(443) [FIN, ACK] Seq=2098 Ack=170772 Win=65792 Len=0",,,,,,
1235,29.900197,MargaGibran-PC,r3.sn-uxa3vhnxa-jb3r.googlevideo.com,TCP,54,"49335  >  https(443) [FIN, ACK] Seq=3588 Ack=10353 Win=64512 Len=0",,,,,,
1236,29.900392,MargaGibran-PC,i.ytimg.com,TCP,54,"49332  >  https(443) [FIN, ACK] Seq=1275 Ack=13884 Win=65792 Len=0",,,,,,
1240,30.198532,MargaGibran-PC,i.ytimg.com,TCP,54,"[TCP Out-Of-Order] 49331  >  https(443) [FIN, ACK] Seq=642 Ack=793 Win=64768 Len=0",,,,,,
1241,30.199515,MargaGibran-PC,i.ytimg.com,TCP,54,"[TCP Out-Of-Order] 49332  >  https(443) [FIN, ACK] Seq=1275 Ack=13884 Win=65792 Len=0",,,,,,
1249,30.35967,MargaGibran-PC,us-browser-notifications.opera.com,TCP,107,"[TCP Retransmission] 49326  >  https(443) [FIN, PSH, ACK] Seq=754 Ack=8205 Win=65280 Len=53",,,,,,
1254,30.798542,MargaGibran-PC,i.ytimg.com,TCP,54,"[TCP Out-Of-Order] 49331  >  https(443) [FIN, ACK] Seq=642 Ack=793 Win=64768 Len=0",,,,,,
1255,30.79953,MargaGibran-PC,i.ytimg.com,TCP,54,"[TCP Out-Of-Order] 49332  >  https(443) [FIN, ACK] Seq=1275 Ack=13884 Win=65792 Len=0",,,,,,
1269,31.559566,MargaGibran-PC,us-browser-notifications.opera.com,TCP,107,"[TCP Retransmission] 49326  >  https(443) [FIN, PSH, ACK] Seq=754 Ack=8205 Win=65280 Len=53",,,,,,
1331,31.641349,us-browser-notifications.opera.com,MargaGibran-PC,TCP,54,[TCP Dup ACK 772#1] https(443)  >  49326 [ACK] Seq=8205 Ack=754 Win=23136 Len=0,,,,,,
1336,31.643371,us-browser-notifications.opera.com,MargaGibran-PC,TCP,54,https(443)  >  49326 [ACK] Seq=8205 Ack=808 Win=23200 Len=0,,,,,,
1400,31.713142,us-browser-notifications.opera.com,MargaGibran-PC,TCP,54,"https(443)  >  49326 [FIN, ACK] Seq=8205 Ack=808 Win=23200 Len=0",,,,,,
1401,31.713142,r3.sn-uxa3vhnxa-jb3r.googlevideo.com,MargaGibran-PC,TCP,54,https(443)  >  49336 [ACK] Seq=3306 Ack=583 Win=22976 Len=0,,,,,,
1402,31.713143,i.ytimg.com,MargaGibran-PC,TCP,54,https(443)  >  49331 [ACK] Seq=793 Ack=643 Win=23040 Len=0,,,,,,
1403,31.713143,i.ytimg.com,MargaGibran-PC,TCP,54,"https(443)  >  49331 [FIN, ACK] Seq=793 Ack=643 Win=23040 Len=0",,,,,,
1404,31.713173,MargaGibran-PC,us-browser-notifications.opera.com,TCP,54,49326  >  https(443) [ACK] Seq=808 Ack=8206 Win=65280 Len=0,,,,,,
1405,31.713246,MargaGibran-PC,i.ytimg.com,TCP,54,49331  >  https(443) [ACK] Seq=643 Ack=794 Win=64768 Len=0,,,,,,
1406,31.713515,r3.sn-uxa3vhnxa-jb3r.googlevideo.com,MargaGibran-PC,TCP,54,https(443)  >  49337 [ACK] Seq=3306 Ack=583 Win=22976 Len=0,,,,,,
1407,31.713515,r3.sn-uxa3vhnxa-jb3r.googlevideo.com,MargaGibran-PC,TCP,54,https(443)  >  49334 [ACK] Seq=170772 Ack=2099 Win=24480 Len=0,,,,,,
1408,31.713516,i.ytimg.com,MargaGibran-PC,TCP,54,https(443)  >  49332 [ACK] Seq=13884 Ack=1276 Win=23648 Len=0,,,,,,
1409,31.713516,r3.sn-uxa3vhnxa-jb3r.googlevideo.com,MargaGibran-PC,TCP,54,https(443)  >  49333 [ACK] Seq=5779 Ack=2201 Win=24576 Len=0,,,,,,
1410,31.713789,r3.sn-uxa3vhnxa-jb3r.googlevideo.com,MargaGibran-PC,TCP,54,https(443)  >  49335 [ACK] Seq=10353 Ack=3589 Win=25984 Len=0,,,,,,
1411,31.713789,r3.sn-uxa3vhnxa-jb3r.googlevideo.com,MargaGibran-PC,TCP,54,"https(443)  >  49336 [FIN, ACK] Seq=3306 Ack=583 Win=22976 Len=0",,,,,,
1412,31.71379,i.ytimg.com,MargaGibran-PC,TCP,54,"https(443)  >  49332 [FIN, ACK] Seq=13884 Ack=1276 Win=23648 Len=0",,,,,,
1413,31.713809,MargaGibran-PC,r3.sn-uxa3vhnxa-jb3r.googlevideo.com,TCP,54,49336  >  https(443) [ACK] Seq=583 Ack=3307 Win=65792 Len=0,,,,,,
1414,31.713862,MargaGibran-PC,i.ytimg.com,TCP,54,49332  >  https(443) [ACK] Seq=1276 Ack=13885 Win=65792 Len=0,,,,,,
1415,31.714221,r3.sn-uxa3vhnxa-jb3r.googlevideo.com,MargaGibran-PC,TCP,54,"https(443)  >  49334 [FIN, ACK] Seq=170772 Ack=2099 Win=24480 Len=0",,,,,,
1416,31.714222,r3.sn-uxa3vhnxa-jb3r.googlevideo.com,MargaGibran-PC,TCP,54,"https(443)  >  49337 [FIN, ACK] Seq=3306 Ack=583 Win=22976 Len=0",,,,,,
1417,31.714222,r3.sn-uxa3vhnxa-jb3r.googlevideo.com,MargaGibran-PC,TCP,54,"https(443)  >  49333 [FIN, ACK] Seq=5779 Ack=2201 Win=24576 Len=0",,,,,,
1418,31.714237,MargaGibran-PC,r3.sn-uxa3vhnxa-jb3r.googlevideo.com,TCP,54,49334  >  https(443) [ACK] Seq=2099 Ack=170773 Win=65792 Len=0,,,,,,
1419,31.714266,MargaGibran-PC,r3.sn-uxa3vhnxa-jb3r.googlevideo.com,TCP,54,49337  >  https(443) [ACK] Seq=583 Ack=3307 Win=65792 Len=0,,,,,,
1420,31.714295,MargaGibran-PC,r3.sn-uxa3vhnxa-jb3r.googlevideo.com,TCP,54,49333  >  https(443) [ACK] Seq=2201 Ack=5780 Win=65792 Len=0,,,,,,
1421,31.714482,r3.sn-uxa3vhnxa-jb3r.googlevideo.com,MargaGibran-PC,TCP,54,"https(443)  >  49335 [FIN, ACK] Seq=10353 Ack=3589 Win=25984 Len=0",,,,,,
1422,31.714483,i.ytimg.com,MargaGibran-PC,TCP,54,"[TCP Out-Of-Order] https(443)  >  49331 [FIN, ACK] Seq=793 Ack=643 Win=23040 Len=0",,,,,,
1423,31.714483,r3.sn-uxa3vhnxa-jb3r.googlevideo.com,MargaGibran-PC,TCP,54,"[TCP Out-Of-Order] https(443)  >  49336 [FIN, ACK] Seq=3306 Ack=583 Win=22976 Len=0",,,,,,
1424,31.714483,i.ytimg.com,MargaGibran-PC,TCP,54,"[TCP Out-Of-Order] https(443)  >  49332 [FIN, ACK] Seq=13884 Ack=1276 Win=23648 Len=0",,,,,,
1425,31.714484,r3.sn-uxa3vhnxa-jb3r.googlevideo.com,MargaGibran-PC,TCP,54,"[TCP Out-Of-Order] https(443)  >  49334 [FIN, ACK] Seq=170772 Ack=2099 Win=24480 Len=0",,,,,,
1426,31.7145,MargaGibran-PC,r3.sn-uxa3vhnxa-jb3r.googlevideo.com,TCP,54,49335  >  https(443) [ACK] Seq=3589 Ack=10354 Win=64512 Len=0,,,,,,
1427,31.714532,MargaGibran-PC,i.ytimg.com,TCP,54,[TCP ZeroWindow] 49331  >  https(443) [ACK] Seq=643 Ack=794 Win=0 Len=0,,,,,,
1428,31.714549,MargaGibran-PC,r3.sn-uxa3vhnxa-jb3r.googlevideo.com,TCP,54,[TCP ZeroWindow] 49336  >  https(443) [ACK] Seq=583 Ack=3307 Win=0 Len=0,,,,,,
1429,31.714565,MargaGibran-PC,i.ytimg.com,TCP,54,[TCP ZeroWindow] 49332  >  https(443) [ACK] Seq=1276 Ack=13885 Win=0 Len=0,,,,,,
1430,31.714581,MargaGibran-PC,r3.sn-uxa3vhnxa-jb3r.googlevideo.com,TCP,54,[TCP ZeroWindow] 49334  >  https(443) [ACK] Seq=2099 Ack=170773 Win=0 Len=0,,,,,,
1431,31.714725,r3.sn-uxa3vhnxa-jb3r.googlevideo.com,MargaGibran-PC,TCP,54,"[TCP Out-Of-Order] https(443)  >  49337 [FIN, ACK] Seq=3306 Ack=583 Win=22976 Len=0",,,,,,
1432,31.714726,r3.sn-uxa3vhnxa-jb3r.googlevideo.com,MargaGibran-PC,TCP,54,"[TCP Out-Of-Order] https(443)  >  49335 [FIN, ACK] Seq=10353 Ack=3589 Win=25984 Len=0",,,,,,
1433,31.714726,r3.sn-uxa3vhnxa-jb3r.googlevideo.com,MargaGibran-PC,TCP,54,"[TCP Out-Of-Order] https(443)  >  49333 [FIN, ACK] Seq=5779 Ack=2201 Win=24576 Len=0",,,,,,
1434,31.714726,us-browser-notifications.opera.com,MargaGibran-PC,TCP,54,"[TCP Out-Of-Order] https(443)  >  49326 [FIN, ACK] Seq=8205 Ack=808 Win=23200 Len=0",,,,,,
1435,31.714727,i.ytimg.com,MargaGibran-PC,TCP,54,"[TCP Out-Of-Order] https(443)  >  49331 [FIN, ACK] Seq=793 Ack=643 Win=23040 Len=0",,,,,,
1436,31.714727,r3.sn-uxa3vhnxa-jb3r.googlevideo.com,MargaGibran-PC,TCP,54,"[TCP Out-Of-Order] https(443)  >  49336 [FIN, ACK] Seq=3306 Ack=583 Win=22976 Len=0",,,,,,
1437,31.714739,MargaGibran-PC,r3.sn-uxa3vhnxa-jb3r.googlevideo.com,TCP,54,[TCP ZeroWindow] 49337  >  https(443) [ACK] Seq=583 Ack=3307 Win=0 Len=0,,,,,,
1438,31.714759,MargaGibran-PC,r3.sn-uxa3vhnxa-jb3r.googlevideo.com,TCP,54,[TCP ZeroWindow] 49335  >  https(443) [ACK] Seq=3589 Ack=10354 Win=0 Len=0,,,,,,
1439,31.714776,MargaGibran-PC,r3.sn-uxa3vhnxa-jb3r.googlevideo.com,TCP,54,[TCP ZeroWindow] 49333  >  https(443) [ACK] Seq=2201 Ack=5780 Win=0 Len=0,,,,,,
1440,31.714792,MargaGibran-PC,us-browser-notifications.opera.com,TCP,54,[TCP ZeroWindow] 49326  >  https(443) [ACK] Seq=808 Ack=8206 Win=0 Len=0,,,,,,
1441,31.714808,MargaGibran-PC,i.ytimg.com,TCP,54,[TCP ZeroWindow] 49331  >  https(443) [ACK] Seq=643 Ack=794 Win=0 Len=0,,,,,,
1442,31.714824,MargaGibran-PC,r3.sn-uxa3vhnxa-jb3r.googlevideo.com,TCP,54,[TCP ZeroWindow] 49336  >  https(443) [ACK] Seq=583 Ack=3307 Win=0 Len=0,,,,,,
1443,31.715155,i.ytimg.com,MargaGibran-PC,TCP,54,"[TCP Out-Of-Order] https(443)  >  49332 [FIN, ACK] Seq=13884 Ack=1276 Win=23648 Len=0",,,,,,
1444,31.715156,r3.sn-uxa3vhnxa-jb3r.googlevideo.com,MargaGibran-PC,TCP,54,"[TCP Out-Of-Order] https(443)  >  49334 [FIN, ACK] Seq=170772 Ack=2099 Win=24480 Len=0",,,,,,
1445,31.715168,MargaGibran-PC,i.ytimg.com,TCP,54,[TCP ZeroWindow] 49332  >  https(443) [ACK] Seq=1276 Ack=13885 Win=0 Len=0,,,,,,
1446,31.715188,MargaGibran-PC,r3.sn-uxa3vhnxa-jb3r.googlevideo.com,TCP,54,[TCP ZeroWindow] 49334  >  https(443) [ACK] Seq=2099 Ack=170773 Win=0 Len=0,,,,,,
1448,31.716536,r3.sn-uxa3vhnxa-jb3r.googlevideo.com,MargaGibran-PC,TCP,54,"[TCP Out-Of-Order] https(443)  >  49337 [FIN, ACK] Seq=3306 Ack=583 Win=22976 Len=0",,,,,,
1449,31.716536,r3.sn-uxa3vhnxa-jb3r.googlevideo.com,MargaGibran-PC,TCP,54,"[TCP Out-Of-Order] https(443)  >  49335 [FIN, ACK] Seq=10353 Ack=3589 Win=25984 Len=0",,,,,,
1450,31.716537,r3.sn-uxa3vhnxa-jb3r.googlevideo.com,MargaGibran-PC,TCP,54,"[TCP Out-Of-Order] https(443)  >  49333 [FIN, ACK] Seq=5779 Ack=2201 Win=24576 Len=0",,,,,,
1451,31.716565,MargaGibran-PC,r3.sn-uxa3vhnxa-jb3r.googlevideo.com,TCP,54,[TCP ZeroWindow] 49337  >  https(443) [ACK] Seq=583 Ack=3307 Win=0 Len=0,,,,,,
1452,31.716597,MargaGibran-PC,r3.sn-uxa3vhnxa-jb3r.googlevideo.com,TCP,54,[TCP ZeroWindow] 49335  >  https(443) [ACK] Seq=3589 Ack=10354 Win=0 Len=0,,,,,,
1453,31.716612,MargaGibran-PC,r3.sn-uxa3vhnxa-jb3r.googlevideo.com,TCP,54,[TCP ZeroWindow] 49333  >  https(443) [ACK] Seq=2201 Ack=5780 Win=0 Len=0,,,,,,
1462,31.771895,i.ytimg.com,MargaGibran-PC,TCP,54,"https(443)  >  49332 [RST, ACK] Seq=13885 Ack=1276 Win=0 Len=0",,,,,,
1463,31.772565,r3.sn-uxa3vhnxa-jb3r.googlevideo.com,MargaGibran-PC,TCP,54,"https(443)  >  49334 [RST, ACK] Seq=170773 Ack=2099 Win=0 Len=0",,,,,,
1464,31.772566,r3.sn-uxa3vhnxa-jb3r.googlevideo.com,MargaGibran-PC,TCP,54,"https(443)  >  49336 [RST, ACK] Seq=3307 Ack=583 Win=0 Len=0",,,,,,
1469,31.774073,r3.sn-uxa3vhnxa-jb3r.googlevideo.com,MargaGibran-PC,TCP,54,"https(443)  >  49337 [RST, ACK] Seq=3307 Ack=583 Win=0 Len=0",,,,,,
1470,31.774074,us-browser-notifications.opera.com,MargaGibran-PC,TCP,54,"https(443)  >  49326 [RST, ACK] Seq=8206 Ack=808 Win=0 Len=0",,,,,,
1475,31.77461,i.ytimg.com,MargaGibran-PC,TCP,54,"https(443)  >  49331 [RST, ACK] Seq=794 Ack=643 Win=0 Len=0",,,,,,
1476,31.77461,r3.sn-uxa3vhnxa-jb3r.googlevideo.com,MargaGibran-PC,TCP,54,"https(443)  >  49334 [RST, ACK] Seq=170773 Ack=2099 Win=0 Len=0",,,,,,
1477,31.77485,i.ytimg.com,MargaGibran-PC,TCP,54,"https(443)  >  49332 [RST, ACK] Seq=13885 Ack=1276 Win=0 Len=0",,,,,,
1478,31.774851,r3.sn-uxa3vhnxa-jb3r.googlevideo.com,MargaGibran-PC,TCP,54,"https(443)  >  49335 [RST, ACK] Seq=10354 Ack=3589 Win=0 Len=0",,,,,,
1479,31.774851,r3.sn-uxa3vhnxa-jb3r.googlevideo.com,MargaGibran-PC,TCP,54,"https(443)  >  49336 [RST, ACK] Seq=3307 Ack=583 Win=0 Len=0",,,,,,
1480,31.774852,r3.sn-uxa3vhnxa-jb3r.googlevideo.com,MargaGibran-PC,TCP,54,"https(443)  >  49333 [RST, ACK] Seq=5780 Ack=2201 Win=0 Len=0",,,,,,
1481,31.774852,r3.sn-uxa3vhnxa-jb3r.googlevideo.com,MargaGibran-PC,TCP,54,"https(443)  >  49337 [RST, ACK] Seq=3307 Ack=583 Win=0 Len=0",,,,,,
1482,31.775071,i.ytimg.com,MargaGibran-PC,TCP,54,"https(443)  >  49331 [RST, ACK] Seq=794 Ack=643 Win=0 Len=0",,,,,,
1483,31.775071,r3.sn-uxa3vhnxa-jb3r.googlevideo.com,MargaGibran-PC,TCP,54,"https(443)  >  49333 [RST, ACK] Seq=5780 Ack=2201 Win=0 Len=0",,,,,,
1484,31.775368,r3.sn-uxa3vhnxa-jb3r.googlevideo.com,MargaGibran-PC,TCP,54,"https(443)  >  49335 [RST, ACK] Seq=10354 Ack=3589 Win=0 Len=0",,,,,,
1629,32.039068,MargaGibran-PC,a38-18.opera.com,TCP,66,49338  >  http(80) [SYN] Seq=0 Win=8192 Len=0 MSS=1460 WS=256 SACK_PERM=1,,,,,,
1686,33.110679,a38-18.opera.com,MargaGibran-PC,TCP,66,"http(80)  >  49338 [SYN, ACK] Seq=0 Ack=1 Win=42340 Len=0 MSS=1400 SACK_PERM=1 WS=4096",,,,,,
1688,33.110746,MargaGibran-PC,a38-18.opera.com,TCP,54,49338  >  http(80) [ACK] Seq=1 Ack=1 Win=65792 Len=0,,,,,,
1689,33.110908,MargaGibran-PC,a38-18.opera.com,HTTP,173,GET /.private/assistserv/OGFX_146_BA_NOTIFICATION_EN_480x150_2_2.mht HTTP/1.1 ,,,,,,
1834,35.026074,a38-18.opera.com,MargaGibran-PC,TCP,54,http(80)  >  49338 [ACK] Seq=1 Ack=120 Win=45056 Len=0,,,,,,
1958,35.697123,a38-18.opera.com,MargaGibran-PC,TCP,1454,http(80)  >  49338 [ACK] Seq=1 Ack=120 Win=45056 Len=1400 [TCP segment of a reassembled PDU],,,,,,
1960,35.697127,a38-18.opera.com,MargaGibran-PC,TCP,1454,http(80)  >  49338 [ACK] Seq=1401 Ack=120 Win=45056 Len=1400 [TCP segment of a reassembled PDU],,,,,,
1961,35.697191,MargaGibran-PC,a38-18.opera.com,TCP,54,49338  >  http(80) [ACK] Seq=120 Ack=2801 Win=65792 Len=0,,,,,,
1962,35.698704,a38-18.opera.com,MargaGibran-PC,TCP,1454,http(80)  >  49338 [ACK] Seq=2801 Ack=120 Win=45056 Len=1400 [TCP segment of a reassembled PDU],,,,,,
1963,35.700032,a38-18.opera.com,MargaGibran-PC,TCP,1454,http(80)  >  49338 [ACK] Seq=4201 Ack=120 Win=45056 Len=1400 [TCP segment of a reassembled PDU],,,,,,
1964,35.700081,MargaGibran-PC,a38-18.opera.com,TCP,54,49338  >  http(80) [ACK] Seq=120 Ack=5601 Win=65792 Len=0,,,,,,
1965,35.703536,a38-18.opera.com,MargaGibran-PC,TCP,1454,http(80)  >  49338 [ACK] Seq=5601 Ack=120 Win=45056 Len=1400 [TCP segment of a reassembled PDU],,,,,,
1966,35.70383,a38-18.opera.com,MargaGibran-PC,TCP,1454,http(80)  >  49338 [ACK] Seq=7001 Ack=120 Win=45056 Len=1400 [TCP segment of a reassembled PDU],,,,,,
1967,35.703862,MargaGibran-PC,a38-18.opera.com,TCP,54,49338  >  http(80) [ACK] Seq=120 Ack=8401 Win=65792 Len=0,,,,,,
1969,35.706078,a38-18.opera.com,MargaGibran-PC,TCP,1454,http(80)  >  49338 [ACK] Seq=8401 Ack=120 Win=45056 Len=1400 [TCP segment of a reassembled PDU],,,,,,
1970,35.708853,a38-18.opera.com,MargaGibran-PC,TCP,1454,http(80)  >  49338 [ACK] Seq=9801 Ack=120 Win=45056 Len=1400 [TCP segment of a reassembled PDU],,,,,,
1971,35.708897,MargaGibran-PC,a38-18.opera.com,TCP,54,49338  >  http(80) [ACK] Seq=120 Ack=11201 Win=65792 Len=0,,,,,,
1972,35.724493,a38-18.opera.com,MargaGibran-PC,TCP,1454,http(80)  >  49338 [ACK] Seq=11201 Ack=120 Win=45056 Len=1400 [TCP segment of a reassembled PDU],,,,,,
1973,35.724804,a38-18.opera.com,MargaGibran-PC,TCP,555,"http(80)  >  49338 [PSH, ACK] Seq=12601 Ack=120 Win=45056 Len=501 [TCP segment of a reassembled PDU]",,,,,,
1974,35.724829,MargaGibran-PC,a38-18.opera.com,TCP,54,49338  >  http(80) [ACK] Seq=120 Ack=13102 Win=65792 Len=0,,,,,,
1975,35.729586,a38-18.opera.com,MargaGibran-PC,TCP,1454,http(80)  >  49338 [ACK] Seq=13102 Ack=120 Win=45056 Len=1400 [TCP segment of a reassembled PDU],,,,,,
1976,35.730092,a38-18.opera.com,MargaGibran-PC,TCP,1454,http(80)  >  49338 [ACK] Seq=14502 Ack=120 Win=45056 Len=1400 [TCP segment of a reassembled PDU],,,,,,
1977,35.730093,a38-18.opera.com,MargaGibran-PC,TCP,110,"http(80)  >  49338 [PSH, ACK] Seq=15902 Ack=120 Win=45056 Len=56 [TCP segment of a reassembled PDU]",,,,,,
1978,35.730094,a38-18.opera.com,MargaGibran-PC,TCP,1454,http(80)  >  49338 [ACK] Seq=15958 Ack=120 Win=45056 Len=1400 [TCP segment of a reassembled PDU],,,,,,
1979,35.730138,MargaGibran-PC,a38-18.opera.com,TCP,54,49338  >  http(80) [ACK] Seq=120 Ack=17358 Win=65792 Len=0,,,,,,
1980,35.746499,a38-18.opera.com,MargaGibran-PC,TCP,1454,http(80)  >  49338 [ACK] Seq=17358 Ack=120 Win=45056 Len=1400 [TCP segment of a reassembled PDU],,,,,,
1981,35.74683,a38-18.opera.com,MargaGibran-PC,TCP,1454,http(80)  >  49338 [ACK] Seq=18758 Ack=120 Win=45056 Len=1400 [TCP segment of a reassembled PDU],,,,,,
1982,35.746859,MargaGibran-PC,a38-18.opera.com,TCP,54,49338  >  http(80) [ACK] Seq=120 Ack=20158 Win=65792 Len=0,,,,,,
1983,35.749703,a38-18.opera.com,MargaGibran-PC,TCP,1454,http(80)  >  49338 [ACK] Seq=20158 Ack=120 Win=45056 Len=1400 [TCP segment of a reassembled PDU],,,,,,
1984,35.768866,a38-18.opera.com,MargaGibran-PC,TCP,1454,http(80)  >  49338 [ACK] Seq=21558 Ack=120 Win=45056 Len=1400 [TCP segment of a reassembled PDU],,,,,,
1985,35.768908,MargaGibran-PC,a38-18.opera.com,TCP,54,49338  >  http(80) [ACK] Seq=120 Ack=22958 Win=65792 Len=0,,,,,,
1986,35.769469,a38-18.opera.com,MargaGibran-PC,TCP,1454,http(80)  >  49338 [ACK] Seq=22958 Ack=120 Win=45056 Len=1400 [TCP segment of a reassembled PDU],,,,,,
1987,35.76947,a38-18.opera.com,MargaGibran-PC,TCP,1454,http(80)  >  49338 [ACK] Seq=24358 Ack=120 Win=45056 Len=1400 [TCP segment of a reassembled PDU],,,,,,
1988,35.769471,a38-18.opera.com,MargaGibran-PC,HTTP,427,HTTP/1.1 200 OK ,,,,,,
1989,35.76949,MargaGibran-PC,a38-18.opera.com,TCP,54,49338  >  http(80) [ACK] Seq=120 Ack=26131 Win=65792 Len=0,,,,,,
2016,35.833215,MargaGibran-PC,a38-18.opera.com,TCP,54,"49338  >  http(80) [FIN, ACK] Seq=120 Ack=26131 Win=65792 Len=0",,,,,,
2157,36.385832,a38-18.opera.com,MargaGibran-PC,TCP,54,"http(80)  >  49338 [FIN, ACK] Seq=26131 Ack=121 Win=45056 Len=0",,,,,,
2159,36.385895,MargaGibran-PC,a38-18.opera.com,TCP,54,49338  >  http(80) [ACK] Seq=121 Ack=26132 Win=65792 Len=0,,,,,,
